"channel","title","body","url","date","note"
"자영업나라","키오스크 뜻과 무인주문기 활용법","요즘 카페나 패스트푸드점에 가면 직원 대신 화면을 터치해 주문하는 키오스크를 많이 볼 수 있어요. 처음 보면 당황스럽고 어렵게 느껴질 수 있지만, 알고 보면 정말 편리한 시스템이랍니다. 이 글에서는 키오스크의 개념부터 활용법, 그리고 소상공인을 위한 지원사업까지 모든 정보를 알려드릴게요. 함께 키오스크 마스터가 되어볼까요?키오스크란 무엇인가? - 현대 무인 시스템의 핵심 이해하기키오스크는 간단히 말해 터치스크린 방식의 무인 서비스 시스템이에요. 음식 주문부터 결제, 다양한 정보 제공까지 한 기기에서 모든 것이 가능한 만능 도우미죠. 특히 요즘 패스트푸드점이나 카페에서 흔히 볼 수 있는 무인주문기가 대표적인 키오스크예요.인터랙티브 키오스크는 사용자와 상호작용하며 서비스를 제공하는데, 화면을 터치하면 그에 맞는 반응이 나타나 직관적으로 이용할 수 있어요. 이제는 식당뿐 아니라 공항, 병원, 영화관 등 다양한 장소에서 키오스크를 만날 수 있답니다.현대 경제에서 키오스크는 단순한 기계를 넘어 인건비 절감과 업무 효율성 향상의 핵심 도구로 자리 잡았어요. 코로나19 이후에는 비대면 서비스 수요가 늘면서 그 중요성이 더욱 커졌답니다.키오스크의 종류와 특징 - 업종별 맞춤형 시스템 분석키오스크는 사용 목적에 따라 여러 종류로 나뉘어요. 가장 흔한 유형부터 살펴볼게요 종류 주요 기능 대표적 설치 장소 외식업용 키오스크 메뉴 주문, 결제 처리 패스트푸드점, 카페, 음식점 정보 제공형 키오스크 위치 안내, 정보 검색 쇼핑몰, 관광지, 공공기관 베리어 프리 키오스크 장애인/고령자 접근성 강화 공공시설, 병원, 복지시설 티켓 발권 키오스크 티켓 예매 및 발급 영화관, 공연장, 교통시설 외식업용 키오스크는 최근 가장 급속도로 확산되고 있는데요, 메뉴 선택부터 옵션 추가, 결제까지 한 번에 처리할 수 있어 인기가 많아요. 정보 제공형은 대형 쇼핑몰이나 관광지에서 길 안내나 시설 정보를 제공해주죠.베리어 프리 키오스크는 특히 의미 있는 발전인데요, 화면 높이 조절, 큰 글씨, 음성 안내 등 다양한 접근성 기능을 갖추고 있어 모든 사람이 편리하게 이용할 수 있어요. 각 업종의 특성에 맞게 맞춤형으로 개발되고 있답니다.소상공인 키오스크 도입 완벽 가이드 - 2025년 지원사업 활용하기소상공인 여러분, 키오스크 도입을 고민 중이라면 2025년 지원사업을 활용해보세요. 최대 90%까지 비용을 지원받을 수 있어 부담이 크게 줄어든답니다.키오스크를 도입하면 인건비 절감은 물론, 고객 회전율이 약 20% 증가하는 효과를 볼 수 있어요. 주문 오류도 줄고 직원들은 더 중요한 업무에 집중할 수 있게 됩니다. 지원사업 항목 지원 내용 신청 자격 키오스크 구매 지원 구매 비용의 70~90% 지원 연매출 3억 이하 소상공인 설치 및 교육 지원 치비 전액, 교육 프로그램 제공 모든 지원 대상자 유지보수 지원 1년간 무상 유지보수 지원사업 선정 업체 신청 절차는 간단해요. 지역 소상공인지원센터 홈페이지에서 신청서를 내려받아 작성한 후, 사업자등록증과 전년도 매출 증빙서류를 함께 제출하면 됩니다. 심사를 거쳐 지원 대상으로 선정되면 키오스크 공급업체와 연결해 설치까지 진행해 드려요.키오스크 설치 후에는 간단한 관리 방법도 배우게 되니 걱정 마세요. 소상공인의 디지털 전환, 지금이 시작하기 좋은 때랍니다!베리어 프리 키오스크와 접근성 - 모든 사용자를 위한 배려베리어 프리 키오스크는 말 그대로 '장벽 없는' 키오스크를 의미해요. 나이, 장애 여부와 상관없이 누구나 편리하게 사용할 수 있도록 설계된 시스템이죠.물리적 접근성을 위해 화면 높이를 조절할 수 있고, 휠체어 사용자도 쉽게 접근할 수 있는 구조로 만들어져 있어요. 시각적 접근성 면에서는 글자 크기 조절 기능, 고대비 색상 옵션, 음성 안내, 심지어 일부 모델은 점자 지원까지 갖추고 있답니다.청각장애가 있는 분들을 위해서는 모든 음성 안내를 텍스트로 제공하고, 필요한 경우 수화 영상까지 제공하는 키오스크도 있어요. 또한 터치스크린 외에도 물리적 버튼, 음성 인식, 심지어 동작 인식 등 다양한 입력 방식을 지원하기도 해요.이런 베리어 프리 키오스크는 단순히 소수를 위한 배려가 아니라, 모두를 위한 보편적 설계(Universal Design)의 좋은 예시랍니다. 우리 사회가 더 포용적으로 변화하는 데 중요한 역할을 하고 있어요.키오스크의 미래 전망과 최신 트렌드 - 2025년 이후 변화상키오스크 기술은 빠르게 진화하고 있어요. 2025년 이후에는 AI 기술이 더욱 고도화되면서 사용자의 얼굴을 인식해 이전 주문 내역을 기억하고, 맞춤형 메뉴를 추천해주는 개인화 서비스가 일반화될 거예요.음성 인식과 제스처 제어 기술도 크게 발전할 전망이에요. ""아메리카노 한 잔 주문할게요""라고 말하거나, 손짓만으로도 메뉴를 선택할 수 있게 될 거예요. 이는 터치 없이도 조작 가능한 '언택트' 기술의 완성이라고 할 수 있죠.한국을 찾는 외국인 관광객을 위한 다국어 서비스도 강화될 예정이에요. 영어, 중국어, 일본어는 물론 다양한 언어로 서비스를 제공해 언어 장벽 없이 누구나 이용할 수 있게 될 거예요.모바일 앱과의 연동도 중요한 트렌드인데요, 스마트폰으로 미리 주문하고 키오스크에서 QR코드만 스캔하면 바로 결제되는 시스템이 확산될 거예요. 온라인과 오프라인의 경계가 더욱 흐려지는 셈이죠.환경에 대한 관심이 높아지면서 친환경 소재를 사용한 키오스크와 에너지 절약 기능을 갖춘 모델도 늘어날 전망이에요. 기술의 발전과 함께 사회적 책임도 중요해지고 있답니다.키오스크와 함께하는 스마트한 일상이제 키오스크는 우리 일상의 필수품이 되었어요. 처음에는 낯설고 어렵게 느껴질 수 있지만, 이 글에서 소개한 기본 개념과 활용법을 기억한다면 누구나 쉽게 사용할 수 있답니다. 특히 소상공인분들은 2025년 지원사업을 통해 비용 부담 없이 키오스크를 도입해보세요. 디지털 취약계층을 위한 베리어 프리 키오스크의 확산으로 더 많은 분들이 편리하게 이용할 수 있는 환경도 조성되고 있어요. 키오스크와 함께 더 편리하고 스마트한 일상을 만들어보세요!","https://xn--910bs4koon3ga84e.com/Blog/51","",""
"자영업나라","치킨집 창업 비용 완벽 분석 가이드","치킨집 창업을 고민하고 계신가요? 최근 치킨 시장이 포화 상태라는 말이 있지만, 여전히 많은 분들이 치킨집 창업에 관심을 보이고 있어요. 하지만 정확한 치킨집 창업 비용을 모른 채 뛰어들었다가는 큰 낭패를 볼 수 있죠. 오늘은 2025년 기준 치킨집 창업 비용에 대해 속 시원히 알려드릴게요!치킨집 창업 비용의 현황과 중요성2024-2025년 기준으로 우리나라 치킨 프랜차이즈 매장은 무려 29,305개에 달해요. 거리마다 치킨집이 즐비한 이유가 바로 이 때문이죠. 그런데도 치킨집 창업이 계속 인기를 끄는 이유는 무엇일까요? 바로 '진입 장벽이 낮다'는 오해 때문이에요.많은 예비 창업자들은 치킨집이 월평균 1711만원의 영업이익을 낸다고 생각하지만, 실제론 창업 비용 대비 수익성이 기대에 미치지 못하는 경우가 많아요. 특히 치킨집 창업 비용은 외식업 중에서도 가장 높은 편에 속하는데, 평균 9394만원이나 들어가요. 이는 기본적인 주방 설비와 인테리어 비용이 높기 때문이죠.""치킨집은 쉽게 차릴 수 있다""는 말은 반은 맞고 반은 틀려요. 기술적 진입장벽은 낮지만, 자본 진입장벽은 생각보다 높답니다.2025년 최신 치킨집 창업 비용 총정리2024년 공정위 자료를 보면, 프랜차이즈 치킨집 평균 창업 비용은 9,394만 1,000원이에요. 개인 창업의 경우엔 가맹비가 빠져서 6,500만~8,000만원 정도로 예상되지만, 브랜드 파워가 없다는 단점이 있죠.지역별로도 비용 차이가 큰데요, 서울과 지방의 경우 임대료와 인테리어 비용에서 20~30% 차이가 나요. 2025년에는 인건비 상승률이 4.5%로 예상되고, 원자재 가격도 오르는 추세라 창업 비용이 더 증가할 것으로 보여요.아래 표는 프랜차이즈별 평균 창업 비용을 정리한 것입니다. 브랜드명 가맹비 교육비 인테리어(20평 기준) 주방설비 초기 물품비 총 비용 BHC 1,000만원 300만원 4,800만원 2,200만원 1,500만원 9,800만원 교촌치킨 1,200만원 350만원 4,500만원 2,300만원 1,600만원 9,950만원 네네치킨 900만원 250만원 4,300만원 2,100만원 1,450만원 9,000만원 굽네치킨 1,100만원 300만원 4,600만원 2,200만원 1,500만원 9,700만원 처갓집 800만원 250만원 4,200만원 2,000만원 1,400만원 8,650만원치킨집 창업 비용 세부 항목 분석치킨집 창업 비용을 세부적으로 살펴볼까요? 먼저 가맹비 구조는 초기 가맹비(1,000만원)에 로열티(매출의 4~6%)와 광고비(2~3%)까지 더해져요. 이 비용은 브랜드 파워와 본사 지원에 대한 대가라고 볼 수 있어요.인테리어 비용은 66㎡(20평) 기준으로 약 4,500만원 내외가 들어가요. 공간을 효율적으로 활용하려면 주방과 홀의 비율을 7:3 정도로 맞추는 것이 좋답니다.주방 설비도 만만치 않은데요, 튀김기는 800~1,200만원, 냉장고는 300만원, 배달 시스템은 200만원 정도 들어요. 특히 튀김기는 치킨의 맛을 좌우하는 핵심 장비라 아끼면 안 돼요!초기 재료비와 운영자금으로도 최소 1,500만원은 추가로 준비해야 해요. 첫 달은 홍보 비용도 많이 들고, 손님이 안정적으로 찾아오기까지 시간이 걸리니까요. 창업 비용 외에 최소 3개월 운영비는 여유자금으로 확보하는 것이 현명해요.치킨집 수익 구조와 월별 손익 계산법실제 치킨집 월평균 매출은 약 2,000만원 정도인데요, 여기서 지출되는 내역을 살펴보면 재료비(35%), 인건비(25%), 임대료(15%)가 주를 이뤄요. 특히 요즘 배달 앱 수수료가 10~15%나 되어서 순이익을 크게 깎아먹고 있어요.손익분기점을 계산해보면, 일일 최소 주문량이 35~40마리는 되어야 수익이 나기 시작해요. 주변 상권과 경쟁 매장을 고려했을 때 이 정도 판매가 가능한지 꼼꼼히 따져봐야 해요.프랜차이즈별 월 매출 차이도 큰데, 2025년 최신 순위 기준으로 BHC, 교촌, 네네치킨 순으로 매출이 높은 편이에요. 하지만 본사 로열티와 광고비도 그만큼 높다는 점을 고려해야 해요. 항목 비중 월 2,000만원 매출 기준 지출 재료비 35% 700만원 인건비 25% 500만원 임대료 15% 300만원 배달 앱 수수료 12% 240만원 관리비/세금 8% 160만원 기타 비용 5% 100만원 순이익 남은 금액 약 0만원치킨집 3년 생존율 43% 극복을 위한 전략치킨집의 3년 생존율은 43%에 불과해요. 그 이유는 과도한 경쟁(29,305개 매장), 배달 수수료 증가, 인건비 부담 때문이죠. 이런 어려움을 극복하려면 전략이 필요해요!입지 선정이 무엇보다 중요한데, 유동인구 대비 경쟁 매장 밀집도를 분석해야 해요. 반경 1km 내에 치킨집이 5개 이상이면 신중하게 고려해보세요.차별화 전략도 필수예요. 퓨전 치킨 메뉴 개발이나 로컬 마케팅이 효과적인데, 실제로 지역 축제와 연계한 한정판 메뉴로 매출을 30% 올린 사례도 있어요.디지털 전환도 중요해서, 자체 앱을 구축하거나 SNS 마케팅을 활용하면 배달 앱 수수료를 크게 줄일 수 있어요. 인스타그램에 매일 '오늘의 치킨' 사진을 올리는 것만으로도 단골이 늘어난다는 사실!치킨집 창업 전 반드시 체크해야 할 5가지 실전 가이드치킨집 창업 전에 꼭 체크해야 할 5가지를 알려드릴게요. 첫째, 시장 조사는 필수예요. 반경 1km 내 경쟁사를 분석하고, 지역 주민들의 선호도를 조사해보세요.둘째, 자금 계획은 창업 비용의 120%를 준비하는 것이 좋아요. 예상치 못한 비용이 항상 발생하거든요. 정부 지원 창업 자금이나 프랜차이즈 본사 대출 제도도 알아보세요.셋째, 프랜차이즈를 선택할 때는 가맹사업법 준수 여부, 실적 자료 등 4가지 문서를 꼼꼼히 확인하세요. 특히 계약서의 작은 글씨까지 꼼꼼히 읽어보는 것이 중요해요!넷째, 개업 전 3개월 매출 예측 시뮬레이션을 해보세요. 최악, 보통, 최선의 시나리오를 각각 작성하고 리스크 대응 매뉴얼도 함께 준비하면 좋아요.다섯째, 창업 실패 시를 대비한 계약 해지 조항과 재창업을 위한 자산 보존 전략도 미리 세워두세요. 인테리어나 설비 중 매각 가능한 품목을 파악해두는 것도 도움이 돼요.2025년 치킨집 창업 성공을 위한 미래 전망치킨 시장의 성장 동력은 1인 가구 증가와 헬시 트렌드예요. 특히 저칼로리 치킨에 대한 수요가 25%나 증가했다고 해요. 이런 트렌드를 잘 활용한다면 성공 가능성이 높아질 거예요.주목해야 할 신시장으로는 지역 특화 치킨과 퓨전 메뉴가 있어요. 순살이나 훈제 치킨은 일반 후라이드보다 수익성이 15~20% 높다는 분석도 있답니다.기술 혁신도 활용해보세요. AI 주문 시스템과 자동화 주방 설비를 도입하면 인건비를 30%까지 절감할 수 있어요. 실제로 키오스크만 도입해도 주문 오류가 줄고 회전율이 높아진다고 해요.2025년 치킨집 창업 성공 공식은 ""로컬 마케팅 + 디지털 전환 + 메뉴 혁신""의 삼박자 전략이에요. 지역 특색을 살리고, 디지털 기술을 활용하며, 끊임없이 메뉴를 혁신한다면 포화된 시장에서도 살아남을 수 있을 거예요!치킨집 창업, 철저한 준비가 성공의 열쇠치킨집 창업 비용은 생각보다 많이 들지만, 철저한 준비와 전략으로 충분히 극복할 수 있어요. 단순히 '치킨은 잘 팔리니까'라는 생각으로 뛰어들기보다는, 이 글에서 소개한 비용 분석과 전략들을 참고해 신중하게 접근하세요. 여러분의 치킨집 창업이 29,305개 매장 중에서도 빛나는 성공 사례가 되길 바랄게요!","https://xn--910bs4koon3ga84e.com/Blog/48","",""
"자영업나라","제조업 종류와 특징 한눈에 이해","어떤 산업이 우리 경제를 든든하게 떠받치고 있는지 궁금하신가요? 바로 제조업이에요! 원재료를 가공해 다양한 제품을 만들어내는 제조업은 우리 생활 곳곳에 스며들어 있어요. 이번 글에서는 제조업의 다양한 종류와 특징을 알기 쉽게 설명해 드릴게요. 미래 산업 트렌드를 파악하고 싶으신 분들께 유용한 정보가 될 거예요!제조업이란? 기본 개념과 경제적 중요성제조업은 단순히 물건을 만드는 것이 아니라, 원재료에 가치를 더해 새로운 제품으로 탄생시키는 산업이에요. 2024-2025년 기준, 우리나라 제조업은 국내 총생산(GDP)의 약 30%를 차지하며, 전체 일자리의 17% 이상을 제공하고 있어요.제조업 종류가 다양해지면서 경제 성장의 핵심 동력이 되고 있죠. 특히 반도체, 자동차, 조선 같은 주력 제조업은 우리나라 수출의 70% 이상을 담당하고 있어요. 요즘은 4차 산업혁명과 함께 스마트팩토리, 디지털 제조 시스템이 확산되면서 전통적인 제조업에도 큰 변화가 일어나고 있어요.사실 우리 집에 있는 스마트폰부터 입고 있는 옷까지, 모든 물건이 제조업의 결과물이라고 생각하면 그 중요성이 더 실감 나죠?한국 제조업의 대표적 종류와 분류 체계2025년 최신 한국표준산업분류(KSIC)에 따르면 제조업은 크게 22개 중분류로 나뉘어요. 가장 익숙한 제조업 종류를 몇 가지 살펴볼까요? 분류 대표 제조업 주요 품목 전통 제조업 섬유·의류 의류, 원단, 신발 식품·음료 가공식품, 음료, 주류 가구·목재 가구, 목재 제품 첨단 제조업 전자·반도체 반도체, 디스플레이, 스마트기기 자동차·이차전지 완성차, 자동차 부품, 배터리 바이오·제약 의약품, 바이오 소재산업연구원과 통계청에서는 제조업을 크게 소비재, 기초소재, 조립가공으로 구분하기도 해요. 최근에는 전통 제조업보다 첨단 제조업의 비중이 커지고 있는데, 특히 반도체와 2차전지 분야는 2024년 기준 각각 15%, 22%의 놀라운 성장세를 보이고 있어요.우리 주변에서 흔히 볼 수 있는 의류나 가구 같은 전통 제조업도 여전히 중요한 역할을 하고 있답니다!주요 제조업별 특징과 최신 트렌드우리나라를 대표하는 제조업 종류별 특징을 살펴볼까요?전자·IT 분야는 삼성전자와 SK하이닉스 같은 대기업이 주도하는 반도체 산업이 핵심이에요. 최근엔 AI용 고성능 반도체와 차세대 디스플레이 기술 개발에 집중하고 있죠.자동차·이차전지 분야에서는 친환경 전기차로의 전환이 빠르게 진행 중이에요. 현대차와 LG에너지솔루션 같은 기업들이 글로벌 시장에서 경쟁력을 높이고 있어요. 배터리 기술은 이제 모빌리티를 넘어 다양한 분야로 확장되고 있답니다.철강·조선 분야는 친환경 선박, 수소 선박 개발로 새로운 도약을 준비 중이에요. 포스코는 수소환원제철 기술 개발에 투자하며 탄소중립에 대응하고 있죠.화학·정유 분야는 바이오플라스틱, 친환경 소재 개발에 주력하고 있어요. 식음료 분야에서는 HMR(가정간편식)과 기능성 식품이 인기를 끌고 있고요.매 순간 변화하는 소비자의 니즈에 맞춰 제조업도 끊임없이 진화하고 있어요!제조업 진출 및 창업 시 체크포인트제조업 창업을 고려하고 계신가요? 우선 철저한 시장조사와 사업계획 수립이 필수예요. 특히 제조업 종류에 따라 필요한 인허가와 규제사항이 다르니 사전에 꼼꼼히 확인해야 해요.정부에서는 다양한 지원 정책을 운영 중이에요. 중소벤처기업부의 스마트공장 구축 지원사업(최대 5억 원 지원), 산업통상자원부의 수출 지원 프로그램 등을 활용하면 초기 비용 부담을 줄일 수 있어요.요즘은 ESG 경영이 필수가 되고 있어요. 친환경 인증(녹색기업 인증, 환경표지 등)을 획득하면 기업 이미지 향상은 물론 실질적인 혜택도 받을 수 있답니다.사업 초기에는 대규모 설비투자보다 소규모로 시작해 점진적으로 확장하는 전략이 안전할 수 있어요. 주변의 성공한 제조업체를 벤치마킹하는 것도 좋은 방법이죠!2025년 이후 제조업 전망과 준비 전략미래 제조업은 어떻게 변할까요? 친환경, 바이오, 첨단소재 분야가 유망 제조업 종류로 주목받고 있어요. 특히 탄소중립 정책에 따라 친환경 제조 공정과 제품에 대한 수요가 급증할 전망이에요.글로벌 무역환경도 변화하고 있어요. 자유무역협정(FTA) 확대와 동시에 보호무역 기조도 강화되고 있어 수출시장 다변화 전략이 필요해요.AI와 로봇 기술은 제조업의 게임체인저가 될 거예요. 이미 선진국에서는 AI 설계, 예측정비, 자율생산체계가 도입되고 있어요. 디지털 기술에 대한 투자와 인력 확보가 미래 경쟁력의 핵심이 될 거예요.지속가능한 성장을 위해서는 환경친화적 생산방식과 순환경제 모델을 도입해야 해요. 자원 재활용, 에너지 절감기술에 투자하는 기업이 장기적으로 살아남을 거예요. 변화하는 시대에 맞춰 끊임없이 혁신하는 자세가 필요합니다!제조업의 미래를 준비하세요다양한 제조업 종류와 특징을 살펴보았는데요, 제조업은 단순히 물건을 만드는 산업을 넘어 우리 경제의 중심축이자 혁신의 원천이에요. 디지털 기술과의 융합, 친환경으로의 전환은 이제 선택이 아닌 필수가 되었어요. 제조업에 관심 있는 분들이라면 트렌드를 꾸준히 파악하고 변화에 적응하는 능력을 키워나가는 것이 중요해요!","https://xn--910bs4koon3ga84e.com/Blog/47","",""
"자영업나라","소자본 유통업 창업, 가능성과 위험 요소 분석","작은 자본으로 시작할 수 있는 유통업창업에 관심 있으신가요? 요즘처럼 불확실한 경제 상황에서 소자본으로 시작할 수 있는 사업 모델은 많은 예비 창업자들의 관심사예요. 특히 재고 부담이 적은 유통업은 진입 장벽이 낮아 매력적인 선택지가 될 수 있어요. 함께 유통업창업의 가능성과 위험 요소를 자세히 알아볼까요?소자본 유통업 창업의 기본 개념과 중요성유통업창업을 고려하실 때 가장 먼저 이해해야 할 것은 도매 유통업의 개념이에요. 도매 유통업은 제조업체에서 만든 제품을 대량으로 구매해 소매업체에 재판매하는 중간 다리 역할을 해요. 과거에는 큰 창고와 많은 자본이 필요했지만, 요즘은 달라졌어요.소자본 유통 모델의 핵심은 재고를 직접 보유하지 않는 방식이에요.2025년 유통업 시장 트렌드를 보면, B2B 전자상거래가 크게 성장하고 있고 무점포 비즈니스가 확대되는 추세예요. 이런 변화는 소자본으로 유통업창업을 꿈꾸는 분들에게 좋은 기회가 될 수 있어요.성공적인 창업을 위한 실행 단계유통업창업을 성공적으로 시작하려면 체계적인 접근이 필요해요. 먼저 시장 조사와 타깃 고객 분석은 필수죠. 소비자의 니즈를 정확히 파악하기 위해 경쟁사 비교 분석과 트렌드 모니터링을 꾸준히 해야 해요. ""어떤 제품이 잘 팔릴까?""보다 ""소비자가 어떤 문제를 해결하고 싶어할까?""에 초점을 맞추는 게 중요해요.다음으로 신뢰할 수 있는 공급처와의 파트너십 구축이 필요해요. 제조사나 유통업체와 계약을 체결할 때는 품질 관리 체계를 함께 수립해야 해요. 초기에는 소량으로 테스트해보고, 반응이 좋은 제품은 물량을 늘려가는 전략이 안전해요.온라인 스토어 구축은 Wix나 Shopify 같은 플랫폼을 활용하면 기술적 지식이 부족해도 쉽게 시작할 수 있어요. 요즘은 모바일로 쇼핑하는 고객이 많으니 모바일 친화적 디자인을 반드시 고려해야 해요. 사이트 로딩 속도와 결제 과정의 단순화도 중요한 요소죠.주요 위험 요소와 대응 전략유통업창업에는 여러 위험 요소가 존재해요. 가장 흔한 문제는 재고 관리 리스크예요. 경쟁 심화 문제도 무시할 수 없어요. 진입 장벽이 낮은 만큼 경쟁자도 많기 때문이죠. 이를 극복하려면 차별화된 가치를 제시해야 해요. 틈새 시장에 집중하거나, 프리미엄 고객 서비스를 제공하는 전략이 효과적이에요. ""그냥 물건 파는 곳""이 아닌 ""특별한 경험을 제공하는 곳""으로 포지셔닝하세요.법규 준수 이슈도 중요해요. 소비자 보호법, 전자상거래 관련 규정을 철저히 이해하고 준수해야 해요. 환불 정책, 개인정보 보호 방침 등을 명확히 수립하고, 필요하다면 법률 전문가의 자문을 받는 것이 좋아요.수익 극대화를 위한 실전 전략유통업창업에서 수익을 극대화하려면 다양한 마케팅 채널 활용이 필수예요. 요즘은 인스타그램이나 틱톡 쇼츠 같은 숏폼 콘텐츠가 큰 효과를 보이고 있어요. 제품의 특성과 타깃 고객층에 맞는 채널을 선택해 집중 투자하세요.데이터 기반 의사결정도 중요해요. 판매 추이를 분석해 인기 상품과 부진 상품을 구분하고, 이에 따라 재고를 조정하거나 가격 정책을 수립해야 해요. 구글 애널리틱스 같은 무료 도구만으로도 기본적인 데이터 분석이 가능해요.고객 유지 관리 전략도 수익성에 큰 영향을 미쳐요. 신규 고객 유치보다 기존 고객의 재구매를 유도하는 것이 비용 효율이 높거든요. 포인트 적립 시스템이나 VIP 혜택 같은 프로그램을 도입해 고객 충성도를 높이세요. 개인화된 이메일 마케팅도 효과적인 방법이에요.재무 관리와 지속 가능성 전략소자본 유통업창업에서는 초기 자금 배분이 성패를 좌우해요. 일반적으로 웹사이트 구축에 30%, 마케팅에 40%, 공급처 계약 비용에 30% 정도의 비중을 두는 것이 균형 잡힌 접근법이에요. 처음부터 모든 것을 완벽하게 갖추려 하기보다 MVP(최소 기능 제품) 방식으로 시작해 점진적으로 개선해 나가는 전략이 현명해요.수익 구조 최적화도 중요한 과제예요. 유통업의 일반적인 마진율은 15-30% 수준이지만, 부가 수익 모델을 추가하면 전체 수익성을 높일 수 있어요. 예를 들어, 기본 제품 판매 외에 구독 서비스를 도입하거나, 프리미엄 배송 옵션을 제공하는 방식이죠.리스크 헤지 전략도 미리 수립해두세요. 주문이 갑자기 폭주할 경우에 대비한 대응 매뉴얼을 준비하고, 법적 분쟁을 방지하기 위한 철저한 계약서 작성이 필요해요. 또한 여러 공급업체와 협력 관계를 맺어 한 곳에 문제가 생겨도 대체할 수 있는 방안을 마련해두는 것이 좋아요.향후 전망과 성장 가능성유통업창업의 미래는 기술과의 융합에 있어요. AI와 빅데이터를 활용한 수요 예측 알고리즘을 도입하면 재고 관리를 최적화할 수 있어요. 소규모로 시작하더라도 데이터 수집 시스템은 초기부터 갖추는 것이 좋아요. 이렇게 모인 데이터는 향후 자동화된재고 관리 시스템 구축에 귀중한 자산이 될 거예요.글로벌 시장 진출도 성장 가능성이 큰 영역이에요. 국내 시장이 포화되면 해외 공급처를 확보하고 해외 배송 옵션을 추가하는 방식으로 확장할 수 있어요. 이때는 각 국가의 무역 관련 규정을 숙지하는 것이 중요해요. 특히 관세나 수입 규제에 대한 이해가 필요하죠.ESG 경영 트렌드도 유통업에 큰 영향을 미치고 있어요. 친환경 포장재 사용, 지속 가능한 공급망 구축 등은 이제 선택이 아닌 필수가 되어가고 있어요. 소비자들의 환경 의식이 높아지면서 이런 요소가 구매 결정에 중요한 영향을 미치기 때문이죠. 작은 규모에서도 ESG 가치를 실천하는 모습을 보여준다면 브랜드 이미지 향상에 큰 도움이 될 거예요.성공적인 유통업 창업의 열쇠소자본 유통업창업은 적은 자본으로도 시작할 수 있는 매력적인 선택지예요. 하지만 성공을 위해서는 철저한 준비와 전략적 접근이 필요해요. 시장 조사부터 공급처 관리, 온라인 마케팅까지 모든 영역에서 체계적인 계획을 세우고 실행해야 해요. 무엇보다 변화하는 트렌드에 민첩하게 대응하는 유연성이 성공의 핵심 열쇠가 될 거예요.","https://xn--910bs4koon3ga84e.com/Blog/38","",""
"자영업나라","자영업자 폐업률 줄이려면?","창업은 설렘으로 시작해도 폐업은 아픔으로끝나는 경우가 많아요. 국내 자영업자 폐업률이점점 높아지면서 많은 사람들이 창업의 꿈을꺼버리거나, 이미 시작한 사업에 불안감을느끼고 있어요. 하지만 폐업을 예방할 수 있는방법이 분명히 있습니다. 자영업자 폐업률을줄이기 위한 현실적인 방법들을 함께 살펴볼까요?자영업 폐업률 현황과 위기최근 자영업계는 심각한 위기를 맞고 있어요.2023년에만 98만 6,000명이 폐업했고,2025년에는 100만 8,282명으로 사상최대 폐업자 수가 예상된다고 해요.이 수치는 단순한 숫자가 아니라 각각의삶과 꿈이 무너진 현실을 보여줍니다.더 충격적인 것은 생존율이에요.자영업 1년 생존율이 65.2%인데,5년이 지나면 27.1%만 남아 있다고 해요.쉽게 말해 10개 가게가 문을 열면, 5년 후엔3곳도 남지 않는 셈이죠.특히 소매업과 음식점업이 전체 폐업의 45%를차지하고 있어요. 많은 분들이 '장사가 안 된다'는사업 부진을 이유로 문을 닫고 있는데,이런 이유로 50만 명 이상이 폐업의 아픔을겪고 있습니다.폐업률 증가의 핵심 원인 분석왜 이렇게 많은 자영업자들이 문을 닫을까요?가장 큰 원인은 경제적 불확실성이에요.코로나19 이후 소비 심리가 위축되었고,여기에 금리 상승까지 겹치면서 소상공인들의부담이 커졌어요.또 하나의 문제는 특정 업종에 창업이 집중되는현상이에요. 예를 들어 파스타집이 인기를 끌면,비슷한 시기에 많은 파스타 전문점이 생겨나고또 동시에 문을 닫는 과열 현상이 발생해요.이런 업종 집중은 경쟁만 심화시킬 뿐이죠.정책적 변화도 큰 영향을 미쳤어요.김영란법 시행 이후 접대 문화가 크게 줄었고,이는 음식점과 선물용품점 등 특정 업종에타격을 주었습니다. 규제가 강화되면서운영 환경이 더욱 악화된 것이죠.정부·정책적 지원 방향자영업자 폐업률을 줄이기 위해 정부는 다양한지원책을 마련하고 있어요. 우선 재정 지원을확대하고 있는데, 창업 초기에 세제 혜택을제공하고 경영이 어려운 시기에는 폐업을 방지하기위한 유예 지원 프로그램을 운영하고 있습니다.교육 인프라 강화도 중요한 부분이에요.창업 교육 이수를 의무화하고, 디지털 마케팅 같은실용적인 기술 교육을 제공해 자영업자들의역량을 키우고 있어요. 정부 지원 프로그램 지원 내용 대상 업종 세제 혜택 창업 초기 세금 감면 전체 업종 유예 지원 경영 위기 시 대출 상환 유예 위기 업종 디지털 교육 온라인 마케팅, SNS활용법 전체 업종 임대료 지원 임대료 일부 지원 또는 할인 음식점업 등 취약 업종 재고 관리 시스템 효율적 재고 관리 솔루션 제공 소매업 중심 특히 음식점업과 같은 취약 업종에는 임대료할인이나 재고 관리 시스템 지원 등 맞춤형 정책을제공하고 있어요. 이러한 정책적 지원이 자영업자폐업률을 줄이는 데 도움이 될 것으로 기대됩니다.실전 창업 전략: 폐업 위험 최소화폐업 위험을 줄이려면 창업 단계부터 전략적인접근이 필요해요. 먼저 타깃 시장을 철저히분석해야 합니다. 경쟁 업체가 이미 밀집해있는 지역은 피하고, 공공 데이터를 활용해실제 수요를 예측하는 것이 중요해요.유동성 관리도 성공의 핵심이에요.처음부터 큰돈을 쏟아붓기보다는 소규모로테스트 오픈을 해보고, 장비는 구매 대신리스 방식으로 마련하는 것이 초기 투자비를줄이는 방법입니다.요즘은 온라인과 오프라인을 통합하는 전략이필수예요. SNS를 활용한 온라인 홍보로 인지도를높이고, 오프라인에서는 지역 커뮤니티 네트워크를구축해 단골 고객을 확보하는 방식이 효과적입니다.자영업자 폐업률을 줄이기 위해서는 이러한전략적 접근이 필수적이에요.폐업 위기 시 대응 매뉴얼경영 위기가 찾아왔을 때 어떻게 대응하느냐에따라 폐업 여부가 결정될 수 있어요.가장 먼저 긴급 자금 조달 방법을 알아봐야 합니다.중소벤처기업부에서 운영하는 소상공인 긴급융자프로그램을 활용하면 일시적인 자금난을극복할 수 있어요.기존 비즈니스 모델이 더 이상 효과적이지 않다면업종 전환을 고려해볼 수 있어요. 예를 들어 일반음식점이 경쟁에서 밀린다면 테이크아웃전문점으로 전환하는 등 소비 트렌드 변화에맞춰 모델을 재편해보세요.충성 고객 확보도 중요한 전략이에요.회원제 구독 서비스를 도입해 재구매율을 높이고,고객과의 관계를 강화하면 불황기에도 안정적인매출을 유지할 수 있어요. 자영업자 폐업률을낮추기 위해서는 위기 상황에 대한 대응 능력을키우는 것이 무엇보다 중요합니다.실패 사례에서 배우는 교훈다른 사람들의 실패에서 배우는 것도 중요한전략이에요. 가장 흔한 실패 원인 중 하나는과도한 투자예요. ""영끌""(영혼까지 끌어모음)식으로대규모 투자를 하기보다는 단계적으로 확장해나가는 전략이 안전해요.법규 준수도 사업 유지에 필수적입니다.김영란법 같은 규제를 위반했다가 과태료를내게 되면 그것만으로도 큰 타격을 입을 수 있어요.철저한 법규 준수는 리스크 관리의 기본이죠.소비자 니즈를 정확히 파악하지 못하는 것도실패 원인이에요. 지역별로 식습관이 다르고트렌드가 빠르게 변하기 때문에, 계속해서고객의 요구를 파악하고 메뉴나 상품을 개편해나가야 해요. 자영업자 폐업률을 줄이기 위해서는이러한 실패 사례에서 교훈을 얻는 것이 중요합니다.미래 전망과 성장 가능성자영업의 미래는 어둡기만 한 것은 아니에요.기술 발전에 따라 새로운 기회도 열리고 있습니다.AI 기반 재고 관리 솔루션이나 데이터 분석 도구를도입하면 효율성을 크게 높일 수 있어요.공유 경제를 활용한 신사업 모델도 주목할 만해요.예를 들어 키친 셰어링처럼 주방 시설을 공유하는방식으로 초기 비용을 크게 줄일 수 있어요.이런 혁신적인 모델은 자영업자 폐업률을낮추는 데 도움이 될 수 있습니다.정책 환경도 점차 개선되고 있어요.정부의 디지털 전환 지원금이 확대되면서소상공인들도 첨단 기술을 도입하는 장벽이낮아지고 있어요. 이런 변화는 자영업의 경쟁력강화에 큰 도움이 될 것입니다.폐업률 개선을 위한 종합 접근자영업자 폐업률을 효과적으로 줄이기 위해서는개인, 정책, 시장이 함께 노력해야 해요.창업자는 전략적으로 준비하고, 정부는 유연한지원 정책을 마련하며, 소비자는 지역 상권에대한 신뢰를 회복하는 삼각 협력이 필요합니다.단기 수익에만 집중하기보다는 장기적인 고객기반을 형성하는 데 초점을 맞추는 것이 중요해요.지속 가능한 비즈니스 모델을 구축해야만급변하는 시장 환경에서도 살아남을 수 있습니다.창업 성공의 열쇠, 탄탄한 준비에 있어요자영업자 폐업률을 줄이는 가장 확실한 방법은철저한 준비와 지속적인 학습이에요.창업은 로또가 아니라 마라톤과 같아요.단기간의 성공보다는 장기적인 안목으로차근차근 준비하고 실행해 나간다면,폐업 통계에 이름을 올리지 않을 수 있을 거예요.여러분의 사업이 오래도록 번창하길 바랍니다.","https://xn--910bs4koon3ga84e.com/Blog/36","",""
"자영업나라","무인 창업 종류 및 7가지 핵심 성공 전략","요즘 거리에 나가보면 무인 매장을 쉽게찾아볼 수 있어요.인건비 부담 없이 자동화 시스템으로운영되는 무인 창업은 비용 절감과 효율성측면에서 많은 예비 창업자들의 관심을받고 있죠. 오늘은 다양한 무인 창업 종류와 성공하기 위한 핵심 전략들을 살펴볼게요.무인 창업의 기본 개념과 시장 현황무인점포는 사람 없이 자동화 시스템만으로운영되는 소매나 서비스 공간을 말해요. 최근 들어 무인 창업이 급성장하고 있는배경에는 몇 가지 이유가 있어요.먼저 최저임금 상승으로 인한 인건비부담이 커졌고, 코로나19 이후 비대면소비 패턴이 확산됐죠.또한 스마트 키오스크나 IoT 같은 기술발전도 무인점포 확산에 큰 역할을 했어요.시장 전망도 밝아서 2024년부터 2025년까지무인점포는 10만 개 이상 돌파할 것으로예상돼요. 특히 스포츠 시설이나 특수 품목을다루는 분야가 급성장하고 있어무인 창업 종류도 더욱 다양해지고 있답니다.무인 창업 종류 7가지 카테고리무인 창업 종류는 크게 7가지 카테고리로나눌 수 있어요.첫째, 식음료 분야에서는 무인 카페,아이스크림점, 라면이나 컵밥 전문점등이 인기예요. 간단한 조작으로 음식과음료를 제공하는 방식이죠.둘째, 서비스 시설로는 무인 세탁소,스터디 카페, 당구장이나 스크린골프장같은 곳이 있어요.이용료를 내고 시설을 사용하는 형태예요.셋째, 소매 유통 분야에서는 무인 편의점,반려동물용품점, 의류나 건어물 소매점등이 운영되고 있어요.넷째, 실내 스포츠 시설로는 무인 풋살장,테니스장, 탁구장 등이 있어요.예약 시스템을 통해 자유롭게 이용할 수 있죠.다섯째, 특수 서비스로 무인 태닝숍이나파티룸, 회의실 등이 있어요.여섯째, 신규 트렌드로 반려동물용품점이나계란, 건어물 전문점 같은 특화된상품 판매점도 늘어나고 있어요.이렇게 다양한 무인 창업 종류가 있어자신의 자본과 관심사에 맞게선택할 수 있답니다.창업 비용별 무인 아이템 선택 전략무인 창업을 고려할 때 가장 중요한 것은초기 투자 비용이에요.자본 규모에 맞게 아이템을선택하는 것이 중요하죠.소자본창업으로는 파티룸이나 회의실이좋아요. 약 2천만 원 내외로 시작할 수 있고,스터디 카페도 비슷한 수준이에요. 작은 공간을 효율적으로 활용할 수 있죠.중간 규모로는 무인 커피전문점이나편의점을 고려해 볼 수 있어요.대략 1억 원 정도의 투자가 필요하지만,안정적인 수익을 기대할 수 있어요.고투자 모델로는 스크린골프장 같은스포츠 시설이 있어요.2억 원 이상의 큰 투자가 필요하지만,수익성도 그만큼 높을 수 있죠.비용을 절감하는 팁으로는 권리금이 낮은곳을 선택하거나, 기존 시설을리모델링해서 활용하는 방법이 있어요.처음부터 모든 것을 새로 시작하는 것보다비용을 크게 줄일 수 있답니다.7가지 핵심 성공 전략무인 창업에서 성공하려면 다음 7가지전략이 필수예요.1. 고객 편의성 극대화- 24시간 운영 시스템을 구축해 언제든이용할 수 있게 해주세요.- 모바일 결제와 멤버십 통합 시스템을적용해 편리함을 더해주세요.2. 니치 시장 타깃팅- 지역 특화 제품(예: 지역 특산물인 수산물 건어물점)을판매해 보세요.- 반려동물 관련 서비스처럼 특정 고객층을겨냥한 서비스를 강화하세요.3. 기술 활용도 강화- AI 기반 재고 관리 시스템으로 효율성을높이세요.- 실시간 모니터링 CCTV를 설치해 안전관리와 감시를 강화하세요.4. 수익성 모델 다각화- 무인 세탁소 같은 곳에서는 구독제를도입해 고정 고객을 확보하세요.- 스크린골프장에서는 광고 수익을창출하는 방법도 있어요.5. 위치 전략- 스터디 카페는 오피스 빌딩 인근에,편의점은 주거지 밀집 지역에위치시키는 등 상권을 잘 분석하세요.6. 법규 준수- 자동판매 기법에 따른 영업시간과안전 기준을 철저히 지키세요.- 소비자 분쟁에 대비한 절차를 미리수립해두세요.7. 마케팅 차별화- SNS 기반 이벤트를 진행해고객 유입을 늘리세요.- 지역 커뮤니티와 제휴해입소문 마케팅 효과를 노려보세요.성공 사례 분석: 업종별 핵심 포인트각 무인 창업 종류별로 성공 요인과실패 위험을 분석해 봤어요. 업종 성공 요인 실패 위험 무인 스터디카페 24시간 운영 + 철저한 소음 방지 시설 경쟁이 과열된 지역 선택 무인 세탁소 고급 세탁기 설치 + 수선 같은 추가 서비스 제공 유지비용 관리 부재 무인 당구장 장비 정비 자동화 + 편리한 예약 시스템 고객 안전 사고 발생 무인 스터디 카페는 24시간 운영과 철저한소음 방지 시설이 핵심이에요.하지만 경쟁이 과열된 지역을 선택하면실패할 위험이 커요.무인 세탁소는 고급 세탁기를 설치하고수선 같은 추가 서비스를 제공하면 좋지만, 유지 비용 관리에 소홀하면 문제가생길 수 있어요.무인 당구장은 장비 정비 자동화와 편리한예약 시스템이 중요하지만,고객 안전사고에 대비해야 해요.주의해야 할 리스크 관리무인 창업에서는 여러 리스크에대한 관리가 필수예요.기술 고장 대응을 위해 정기 점검 체계를수립해두세요. 갑작스러운 고장으로영업이 중단되면 큰 손실이 발생할 수 있어요.재고 관리는 IoT 센서를 활용한 실시간모니터링 시스템으로 해결할 수 있어요.재고가 부족하거나 유통기한이 지난제품이 판매되는 것을 방지할 수 있죠.소비자 교육도 중요해요.쉽게 이해할 수 있는 매뉴얼을 제공하고,필요하다면 사용법 영상을 설치해 고객들이쉽게 이용할 수 있게 도와주세요.이런 리스크 관리는 무인 창업에서 지속적인운영을 위한 필수 요소랍니다.2025년 이후 무인 창업 트렌드 전망앞으로의 무인 창업 트렌드는 더욱 발전할전망이에요.기술 통합 측면에서는 블록체인 결제 시스템도입이 예상돼요.더 안전하고 편리한 결제 방식이적용될 거예요.확장 분야로는 무인 의류 수선점이나반려동물 호텔 같은 새로운 무인 창업 종류가등장할 것으로 보여요.더 다양한 서비스 영역으로 확장되는 추세죠.정책 지원 측면에서는 정부의 무인점포보조금 확대가 예상돼요.이는 더 많은 예비 창업자들이 무인 창업에도전할 기회를 제공할 거예요.이러한 트렌드를 미리 파악하고 준비한다면,미래 무인 창업 시장에서 경쟁력을가질 수 있을 거예요.무인 창업 성공을 위한 3단계 로드맵무인 창업을 성공적으로 이끌기 위한 3단계로드맵을 소개할게요.첫째, 분석 단계에서는 타깃 지역 시장을철저히 조사하고,경쟁사를 분석한 뒤, 수익 모델을검증해야 해요.이 과정을 통해 실패 가능성을 줄이고성공 확률을 높일 수 있어요.둘째, 실행 단계에서는 최소한의 초기투자로 테스트해 보고, 안정적인 기술 인프라를 구축해야 해요.처음부터 큰 투자보다는 작게 시작해리스크를 관리하는 것이 중요해요.셋째, 확장 단계에서는 수익성을확인한 후 추가 점포를 개설하고,고객 피드백을 반영하는 시스템을운영해야 해요.지속적인 개선과 확장으로 사업을성장시킬 수 있어요.이 세 단계를 차근차근 밟아가면무인 창업에서 성공할 가능성이 높아질 거예요.성공적인 무인 창업을 위한 마지막 조언무인 창업은 단순히 트렌드를 따르는것이 아니라, 철저한 준비와 전략이필요한 사업이에요. 다양한 무인 창업 종류 중에서자신의 자본과 관심사에 맞는 아이템을선택하고, 7가지 핵심 전략을 잘 활용한다면성공 가능성이 높아질 거예요.특히 기술 발전과 소비자 트렌드를꾸준히 모니터링하면서 변화에 대응하는유연함이 무엇보다 중요해요.여러분의 무인 창업 도전, 응원할게요!","https://xn--910bs4koon3ga84e.com/Blog/35","",""
"자영업나라","창업자금 증여세 과세특례 요건과 주의사항","자녀의 창업을 지원하고 싶은데 세금 부담이 걱정되시나요? 창업 자금 증여세 과세특례는 부모가 자녀에게 창업 자금을 지원할 때 세금 부담을 크게 줄여주는 제도예요. 5억 원까지 10%의 낮은 세율로 증여할 수 있어 가족 내 원활한 자산이전과 창업 활성화에 도움이 됩니다.창업자금 증여세 특례가 뭔가요?창업자금 증여세 과세특례는 부모가 자녀의 창업을 돕기 위해 마련된 세금 혜택 제도예요. 일반적인 증여세보다 훨씬 유리한 조건으로, 5억 원 한도내에서 10% 단일세율만 내면 된답니다. 2025년 현재 이 제도는 청년 창업을 장려하고 가업 승계를원활하게 하기 위해 운영되고 있어요.이 특례를 활용하면 창업 초기 자금 부담을 크게줄일 수 있어요. 다만, 증여받은 자금은 반드시 창업 목적으로만 사용해야 하고, 정해진 기간인 4년 이내에 모든 금액을 투자해야 한다는 점을 기억하세요. 이 제도는 특히 중소기업 창업을 계획하는 가족에게 큰 도움이 됩니다.누가 이 혜택을 받을 수 있나요?창업자금 증여세 특례를 받기 위해서는 증여자와 수증자 모두 일정 조건을 충족해야 해요.수증자(자녀) 조건:- 18세 이상이어야 해요- 국내 거주자여야 해요- 2인 이상이 공동 창업할 경우 각자 5억 원 한도 적용이 가능해요증여자(부모) 조건:- 60세 이상이어야 해요- 부모가 사망한 경우에는 조부모나 외조부모도 증여자로 인정돼요예를 들어, 65세 아버지가 대학을 갓 졸업한 20세 아들에게 창업 자금으로 5억 원을 증여한다면, 이 특례 조건을 모두 충족하게 되는 거죠. 이런 경우 일반 증여세보다 훨씬 적은 세금으로 자녀의 창업을 지원할 수 있어요.어떤 자금을 증여할 수 있나요?창업자금 증여세 특례는 모든 재산에 적용되는 것이 아니라, 양도소득세 과세대상이 아닌 재산으로제한돼요. 즉, 현금처럼 바로 사용할 수 있는 자산이 주로 해당됩니다.실제 예를 들어볼게요. 부모님이 자녀에게 3억 원의 예금을 증여하면 창업 자금 증여세 특례를 적용받을 수 있어요. 하지만 같은 가치의 아파트를 증여하면이 특례를 적용받을 수 없답니다. 그래서 부동산을 먼저 처분해서 현금화한 다음 증여하는 방식으로 진행하는 경우가 많아요.창업 자금을 사용해야 하는 기간은?창업 자금 증여세 특례를 받기 위해서는 정해진 기간 내에 창업을 완료하고 자금을 사용해야 해요. 이 타임라인을 잘 기억해두세요!- 증여 일로부터 2년 이내에 중소기업을 창업해야 해요- 증여 일로부터 4년 이내에 증여받은 자금을 모두 사용해야 해요- 창업 후 4년간 해당 사업을 계속 유지해야 해요예를 들어, 2025년 5월에 부모님께 5억 원을 증여받았다면, 2027년 5월까지는 반드시 창업을마쳐야 하고, 2029년 5월까지는 증여받은 모든자금을 사업에 투자해야 해요. 그리고 창업 이후 4년동안은 그 사업을 계속 유지해야 특례 혜택을 그대로유지할 수 있답니다.어떤 업종이 창업 대상인가요?창업 자금 증여세 혜택을 받을 수 있는 업종은조세특례제한법 제6조 제3항에 명시된 중소기업업종으로 제한돼요. 주로 제조업과 혁신적인 서비스업이 포함됩니다.창업 가능 업종 창업 제외 업종제조업 부동산 임대업소프트웨어 개발업 유흥주점업생명과학 관련 업종 사행성 사업친환경 에너지 업종 일반 음식점업IT 서비스업 금융·보험업예를 들어, AI 기반 소프트웨어를 개발하는 스타트업이나 재생에너지 관련 중소기업을창업한다면 이 특례를 적용받을 수 있어요. 하지만 대부분의 일반 소매업이나 음식점은 해당되지 않으니사업 계획 전에 반드시 확인해 보세요. 창업 자금 증여세 혜택을 받기 위해서는 업종 선택이 매우 중요합니다.세금 혜택은 어떻게 되나요?창업 자금 증여세 과세특례의 가장 큰 장점은 세율이 크게 낮아진다는 점이에요. 일반 증여세와비교해 볼까요?구분 일반 증여세 창업 자금 증여세 특례세율 10%~50% 누진세율 10% 단일세율공제 한도 가족 간 증여 시 1억 원 5억 원최대한 도 제한 없음 기본 5억 원(고용 창출 시 10억 원)예를 들어, 부모님이 자녀에게 5억 원을 일반 증여하면 약 1억 원 이상의 세금을 내야 하지만, 창업 자금 특례를 적용받으면 5천만 원(5억 원 × 10%)만 내면 돼요. 차이가 크죠?게다가 10명 이상의 신규 고용을 창출하면 기본한도인 5억 원에서 최대 10억 원까지 확대된 혜택을 받을 수 있어요. 이는 일자리 창출과 경제 활성화를 촉진하기 위한 추가 혜택이랍니다.창업 자금 증여세 특례, 제대로 활용하세요창업 자금 증여세 과세특례는 가족의 지원으로 창업을준비하는 분들에게 큰 혜택이 될 수 있어요. 하지만 까다로운 요건과 기한을 반드시 지켜야 한다는 점을 기억하세요. 사전에 충분한 계획을 세우고, 필요하다면 세무 전문가의 도움을 받아 이 제도를 최대한 활용해 보세요. 여러분의 성공적인 창업을 응원합니다!","https://xn--910bs4koon3ga84e.com/Blog/29","",""
"자영업나라","프랜차이즈 뜻 진정한 의미와 비즈니스 모델","매일 지나다니는 거리마다 비슷한 간판을본 적 있으신가요? 이런 가게들은 대부분프랜차이즈일 확률이 높아요.프랜차이즈 뜻을 제대로 알면 창업을 고민하는분들에게 큰 도움이 될 수 있어요.오늘은 프랜차이즈의 진짜 의미부터성공 조건까지 깊이 있게 알아볼게요.프랜차이즈 뜻을 살펴보면 본사(프랜차이저)와가맹점(프랜차이지) 사이의 특별한 관계를 말해요.본사는 브랜드명, 운영 방식, 노하우 등을 제공하고,가맹점은 그 대가로 초기 비용과 로열티를 지불하는구조예요. 재미있게도 이 용어는 '자유'를 의미하는프랑크족 언어 'Franc'에서 유래했어요.카페나 치킨집처럼 어디서나 같은 맛, 같은 서비스를누릴 수 있는 건 이런 프랜차이즈 시스템 덕분이에요.본사의 엄격한 품질 관리와 영업 지침 아래 모든매장이 통일성을 유지하죠.프랜차이즈는 비즈니스 영역만이 아니라 스포츠리그나 미디어 시리즈 등에서도 사용되는개념이에요. 하지만 우리가 일상에서 말하는프랜차이즈는 대부분 비즈니스 모델을 가리키죠.프랜차이즈는 브랜드를 빠르게 확장하고 시장점유율을 높이기 위한 전략으로 탄생했어요.본사 입장에서는 직접 모든 매장을 운영하는것보다 가맹점을 통해 사업을 확장하는 게 훨씬효율적이거든요.가맹점주는 이미 검증된 비즈니스 모델로창업할 수 있고, 본사는 적은 자본으로 브랜드를확장할 수 있는 윈-윈 전략이라고 볼 수 있어요.2025년 국내 유통산업발전법에 따르면 체인사업은""동일 업종의 소매점을 운영하거나 지속적인경영 지원을 제공하는 사업""으로 정의되고 있어요.특히 요즘처럼 경쟁이 치열한 시장에서는 혼자서브랜드를 키우고 마케팅하기 어려운 현실이에요.이런 어려움을 함께 극복할 수 있는 현실적인대안이 되고 있죠.프랜차이즈에서 본사와 가맹점은 서로 다른역할을 맡아 유기적으로 협력해요.예를 들어, 패스트푸드 프랜차이즈에서 본사는시즌 메뉴 개발과 전국 TV 광고를 담당하고,가맹점은 손님들에게 직접 서비스를 제공하며 지역특성에 맞는 프로모션을 진행해요.이렇게 서로의 역할을 잘 수행할 때 프랜차이즈시스템이 원활하게 돌아가죠.프랜차이즈 뜻을 더 깊이 이해하려면 그 비즈니스구조를 알아야 해요. 이 모델은 초기 투자금과로열티를 기반으로 운영돼요. 가맹점주는 처음에가맹비를 내고, 이후에는 매출의일정 비율(보통 3~7%)을 로열티로지속해서 납부해요.본사는 그 대가로 매장 설계부터 직원 교육, 마케팅지원까지 다양한 서비스를 제공하죠. 특히 중요한 건물품 공급 체계예요. 대부분의 프랜차이즈는본사에서 지정한 원재료나 제품만 사용해야하는 경우가 많아요.2025년 기준으로 국내에서는 프랜차이즈 계약을맺을 때 공정거래위원회에 등록해야 하는 규정이있어요. 이는 가맹점주의 권익을 보호하고투명한 거래를 위한 조치인데, 창업 전에 꼭확인해야 할 부분이죠.성공하는 프랜차이즈의 비결은 무엇일까요?가장 중요한 건 강력한 브랜드 파워와 체계적인 지원시스템이에요. 소비자의 마음을 사로잡는 브랜드이미지와 가맹점을 탄탄하게 받쳐주는 시스템이있어야 하죠.본사는 가맹점에 표준화된 운영 매뉴얼을 제공하고,재고 관리부터 고객 데이터 분석까지 다양한 도구를지원해야 해요. 그러면서도 지역별 특성을 고려한유연함도 필요하죠. 예를 들어, 해외로 진출할 때는현지 문화에 맞게 메뉴를 조금씩 변형하는전략이 필수예요.또한 지속적인 혁신과 트렌드 반영도 중요해요.아무리 잘나가는 프랜차이즈도 시대 변화에 적응하지못하면 도태되기 쉽거든요. 소비자의 니즈를 정확히파악하고 빠르게 대응하는 능력이 프랜차이즈의 장수비결이에요.2025년 현재 프랜차이즈 시장은 급격한 변화 속에있어요. 특히 디지털 전환과 소비자 니즈 변화가업계를 재편하고 있죠. 요즘은 온라인 주문과 배달서비스가 기본이 되었고, AI 기반 고객 분석 도구도속속 도입되고 있어요.미래에는 ESG 경영을 강조하는 친환경 프랜차이즈모델이 더욱 성장할 것으로 보여요.일회용품 줄이기, 친환경 포장재 사용,지역사회 공헌 등을 통해 사회적 가치를 창출하는프랜차이즈가 소비자들에게 더 많은 선택을받게 될 거예요.프랜차이즈 창업을 고민 중이라면, 몇 가지 중요한점들을 꼭 체크해야 해요. 먼저 본사의 재무 상태와지원 프로그램, 계약 조건을 꼼꼼히 살펴봐야 해요.특히 해당 브랜드의 폐점률과 평균 수익률은반드시 확인할 필요가 있죠.지역 시장 분석도 필수예요. 만약 특정 지역에 이미비슷한 프랜차이즈가 많다면 경쟁이 치열해 진입장벽이 높을 수 있어요. 또한 초기 투자금뿐만아니라 운영 비용도 충분히 준비해야 해요.보통 초기 6개월은 적자를 각오하고 시작하는게 안전해요.무엇보다 중요한 건 본인이 그 사업에 얼마나 관심과열정이 있는지예요. 프랜차이즈라고 해서 모든 것이자동으로 돌아가는 건 아니거든요. 결국 가맹점의성공은 사장님의 노력과 열정에 달려 있다는 걸잊지 마세요.프랜차이즈 뜻을 제대로 알고 접근하면 창업의리스크를 줄이고 성공 가능성을 높일 수 있어요.검증된 비즈니스 모델과 브랜드 파워는 분명 큰장점이지만, 그만큼 자율성에 제한이 있다는 점도염두에 두세요. 본인의 성향과 목표에 맞는프랜차이즈를 선택하는 것이 창업 성공의 첫걸음이에요.","https://xn--910bs4koon3ga84e.com/Blog/26","",""
"자영업나라","2025년, 뜨는 창업 아이템 추천 TOP5! 지금 시작하면 기회다","2025년, 경기 침체와 소비 패턴 변화 속에서도 ‘성장하는 시장’은 반드시 존재합니다. 누군가는 이 위기를 기회로 바꾸고, 누군가는 여전히 남들 따라가기 바쁘죠. 그렇다면 2025년 진짜 뜰 창업 아이템은 뭘까요? 데이터와 트렌드 분석을 기반으로, 실제로 수익성과 지속 가능성이 높은 창업 아이템 5가지를 소개해드릴게요. 단순히 유행이 아니라, 장기 운영이 가능한 분야 중심으로 정리했습니다. 1️⃣ 스마트 소형 무인카페 (AI/키오스크 기반) ✅핵심 포인트: 인건비 최소화 + 24시간 운영 가능 초기비용: 약 2,000만~4,000만 원 (임대료 제외) 유망 이유: ① 무인운영으로 인건비 걱정↓ ② 소도시·오피스가·학교 주변에서도 인기 ③ AI 자판기, 무인 결제 시스템 등 스마트 설비 도입 쉬움 ④ 2025 트렌드: ‘조용한 소비’, ‘혼자 카페족’ 증가 → 틈새시장 적중 ⭐ TIP: 브랜드 가맹보다는 자체 컨셉 기획이 더 수익성 좋을 수도! 2️⃣ 1인 가구 맞춤 반찬가게 / 밀키트 샵 ✅핵심 포인트: 1인가구·맞벌이 증가에 따라 '집밥' 수요 꾸준 초기비용: 약 1,500만~3,000만 원 (규모 따라 차이) 수익 모델: ① 동네 배달 반찬 ② 냉장 밀키트 판매 ③ 요즘은 네이버 스마트스토어+당일배송도 병행 유망 이유: ① 고령층+직장인 대상 안정적인 반복 수요 ② 레시피+구성만 좋으면 충성 고객 많음 ⭐ TIP: ‘로컬 반찬점’보다는 ‘브랜딩+SNS 마케팅’ 연계 시 더 유리 3️⃣ 중고 명품 리셀샵 ✅핵심 포인트: 중고거래의 고급화, 인증 기반 리셀 문화 확산 운영 방식: ① 매장+온라인 병행 가능 (오프라인 매장은 신뢰에 강점) ② 위탁판매도 가능해 재고 부담 적음 유망 이유: ① 경기 불황에도 명품 소비는 줄지 않음 ② 특히 MZ세대의 합리적 소비 성향과 맞아떨어짐 ③ 셀럽·SNS 마케팅에도 효과적 ⭐ TIP: 정품 감정·브랜드 지식 중요! 전문가와 협업 추천 4️⃣ 반려동물 관련 창업 (간식/미용/호텔) ✅ 핵심 포인트: 반려동물 1,000만 시대, 고급화 서비스 증가 진입 장벽: 낮은 편이지만, 품질·위생 신뢰가 중요 수익 모델 예시: ① 반려동물 수제 간식 제조 및 판매 ② 반려동물 미용샵 ③ 소규모 반려동물 호텔 운영 2025 트렌드: ① 사람처럼 ‘펫 푸드’, ‘펫 전용 스파’ 등 고급 서비스 인기 ② ‘펫팸족’의 지출은 일반 가구보다 높음 ⭐ TIP: 자격증(펫푸드/미용) 취득 시 신뢰도+고객 유입↑ 5️⃣ 디지털노마드 지원 공유오피스 / 스튜디오 창업 ✅핵심 포인트: 프리랜서·크리에이터 증가 → 공간 수요 증가 아이템 예시: ① 소형 회의실 + 카페형 공유오피스 ② 유튜브 촬영/녹음/작업용 소형 스튜디오 ③ 스마트폰 하나로 예약부터 결제까지 유망 이유: ① 초기 설비투자 후 유지비 적음 ② 장기 대여, 정기 구독 유도 가능 ③ 특히 MZ세대 창업자/1인 기업 대상 수요 높음 ⭐TIP: 지역 기반 '소형 스튜디오 예약 플랫폼'과 연계하면 금상첨화! 2025년은 불확실성 속 기회가 공존하는 시기입니다. 무작정 트렌드만 따라가기보다, 수요가 꾸준하고, 리스크가 낮은 아이템에 먼저 주목해보세요. ""창업은 빠르게 시작하되, 철저하게 준비하는 것""이 성공의 기본입니다.","https://xn--910bs4koon3ga84e.com/Blog/16","",""
"자영업나라","자영업나라","온라인 쇼핑몰을 시작하려는 분들에게 네이버 스마트스토어 창업은 가장 현실적인 선택지 중 하나예요. 실제 성공 사례를 통해 어떤 전략이 효과적인지, 그리고 초보자들이 피해야 할 함정은 무엇인지 알아보세요. 이 글에서는 실제 셀러들의 경험을 바탕으로 스마트스토어에서 성공하기 위한 핵심 전략을 공유해 드릴게요. ✅스마트스토어 창업이 성공하는 이유✅ 네이버 스마트스토어 창업이 주목받는 이유는 한국의 특수한 온라인 쇼핑 환경 때문이에요. 우리나라는 인구 대비 이커머스 매출이 세계 1위를 기록할 만큼 온라인 쇼핑이 일상화되어 있어요. 특히 네이버는 국민 포털이라고 불릴 정도로 검색 트래픽이 엄청나죠. 스마트스토어의 주 고객층은 크게 두 가지예요. 가격을 꼼꼼히 비교하는 실속파와 특정 상품을 찾아 구매하는 목적형 소비자들이죠. 이런 고객들을 타깃으로 특화된 제품을 판매하면 안정적인 수익 창출이 가능해요. 특히 일반 생필품보다는 특색 있는 제품이 경쟁력을 가질 수 있어요. 또한 네이버의 검색 트래픽을 활용하면 초기에 별도의 마케팅 비용 없이도 고객 유입을 기대할 수 있답니다. ✅네이버 리뷰로 매출 올리는 방법✅ 네이버 스마트스토어에서는 리뷰가 매출에 직접적인 영향을 미쳐요. 리뷰 수와 평점이 높을수록 검색 랭킹이 상승하고, 이는 더 많은 고객 유입으로 이어지죠. 특히 인기도 점수에 리뷰가 큰 비중을 차지하기 때문에 리뷰 관리는 필수예요. 효과적인 리뷰 확보를 위해서는 리뷰 노출 AI 솔루션을 활용하는 것도 좋은 방법이에요. 고객이 리뷰를 남기면 포인트를 적립해주거나 할인 쿠폰을 제공하는 전략이 특히 효과적이죠. 또한 단순히 리뷰 수만 늘리는 것보다 고객 피드백을 실제 제품 개선에 반영하는 것이 중요해요. 이렇게 하면 재구매율도 자연스럽게 높아지고, 긍정적인 리뷰도 더 많이 쌓이게 된답니다. 특히 부정적인 리뷰에 대해 진정성 있게 응대하면 오히려 신뢰도를 높일 수 있어요. ✅광고비 효율적으로 쓰는 노하우✅ 네이버 스마트스토어 창업에서 광고비를 효율적으로 사용하는 것은 수익성과 직결돼요. 가장 중요한 것은 ROI, 즉 투자 대비 수익률을 중심으로 광고 전략을 세우는 거예요. 실제 성공 사례를 보면, 모바일 광고에 집중해 200% 이상의 수익률을 달성한 셀러들이 많아요. 특히 타깃팅 광고와 A/B 테스트를 통해 최적의 광고 문구와 이미지 조합을 찾아내는 것이 중요하죠. 장기적으로는 브랜드 인지도를 높이기 위해 검색광고와 디스플레이 광고를 병행하는 것이 좋아요. 한 3년 차 셀러는 매주 광고 성과를 분석하고 효율이 떨어지는 키워드는 즉시 조정하는 전략으로 광고비를 최적화했대요. 이렇게 데이터 기반의 광고 운영이 성공의 핵심이라고 할 수 있어요. 처음부터 큰 예산을 투입하기보다는 소액으로 테스트하며 효과적인 방식을 찾아가는 것이 현명해요. ✅초보자가 주의해야 할 3가지✅ 네이버 스마트스토어 창업을 시작하는 초보자들이 꼭 주의해야 할 점들이 있어요. 첫째, 초기 자본 부담을 과소평가하지 마세요. 실제로 많은 셀러들이 한 달에 280만 원 이상의 광고비를 지출하는 경우가 있어요. 충분한 자금 계획 없이 시작했다가는 어려움을 겪을 수 있죠. 둘째, 무분별한 가격 경쟁은 피해야 해요. 단순히 가격만 낮추는 전략은 결국 마진 축소로 이어져 지속 가능한 비즈니스를 만들기 어려워요. 차별화된 가치를 제안하는 것이 중요하죠. 셋째, 상품 품질 관리를 소홀히 하면 안 돼요. 초기에 저품질 제품으로 시작했다가 악평이 쌓이면, 나중에 이미지를 회복하기가 매우 어렵답니다. 한 번의 악평이 수십 개의 좋은 리뷰를 무효화할 수 있다는 점을 명심하세요. ✅트래픽 유입을 높이는 전략✅ 네이버 스마트스토어의 가장 큰 장점은 네이버의 검색 트래픽을 활용할 수 있다는 점이에요. 네이버 쇼핑과 연동하고 검색어 최적화(SEO)를 잘 수행하면 유기적인 유입을 확보할 수 있어요. 효과적인 방법은 키워드 분석 도구를 사용해 검색량은 많지만 경쟁이 심하지 않은 키워드를 찾아내는 거예요. 이렇게 발굴한 키워드를 제품 설명문에 자연스럽게 녹여내면 검색 노출이 증가해요. 특히 콘텐츠 마케팅을 통해 제품의 사용법이나 장점을 자세히 설명하는 것이 중요해요. 단순한 제품 나열이 아닌, 고객이 필요로 하는 정보를 제공하는 스토어가 더 많은 유입과 전환율을 기록한답니다. ✅네이버 스마트스토어, 준비된 창업자에게 기회의 장✅ 네이버 스마트스토어 창업은 온라인 쇼핑 시장의 성장과 함께 많은 기회를 제공하고 있어요. 하지만 모든 창업이 그렇듯 철저한 준비와 전략이 필요하죠. 특히 플랫폼에 맞는 상품 선정과 리뷰 관리, 효율적인 광고 운영이 성공의 핵심 요소예요. 이 글에서 소개한 실제 사례들을 참고하여 여러분만의 성공 전략을 세워보세요. 준비된 창업자에게 스마트스토어는 분명 큰 기회의 장이 될 거예요!","https://xn--910bs4koon3ga84e.com/Blog/14","",""
"자영업나라","다들 전화로 놓치는 예약 많으신가요? KT AI 전화비서 사용해보신 분 계신가용","다들 요즘 네이버 예약으로 예약 받으셔서 전화가 요즘 별로 없으신지요.. 혹은 다들 전화로 놓치는 예약이나 전화 놓쳐서 매출에 영향이 있으신지요...혹시 KT AI 전화비서 사용해보신 분은 계실까요??? 어때요??","https://xn--910bs4koon3ga84e.com/free/1459","",""
"자영업나라","유튜브광고보고가입했어요","ai글작성한번해볼게여감사요","https://xn--910bs4koon3ga84e.com/free/1241","",""
"자영업나라","자영업나라 대표님","ai무료글작성 가게홍보 블로그 적는데 편리해서 사용하는데 포인트 50으로 내려주세요 ㅠㅠ 게시글이랑 댓글만 달아도 금방 포인트 모으기는 하는데... 일단 잘쓸게요 감사요 저거 이용해서 블로그 썼더니 첫번째로 나오네요 ㅎㅎㅎ","https://xn--910bs4koon3ga84e.com/free/1185","",""
"자영업나라","AI글작성 키워드만 적으면 자동으로 되는거 기능이 좋네요","가게 홍보글 적을때 좋네요 블로그작성할때도 도움이 될거 같네요 감사합니다","https://xn--910bs4koon3ga84e.com/free/1177","",""
"자영업나라","소비재 트랜드를 알아볼 수 있는 코엑스 B2B 전시회 도쿄 기프트쇼 인 서울 2025, 소싱인마켓 2025!","제2회 도쿄 기프트쇼 인 서울 2025는 일본 전통과 현대 라이프스타일을 동시에 경험할 수 있는 국내 유일의 플랫폼으로 일본 브랜드 소싱, 신규 아이템 상담, 실전형 세미나까지 2025.11.26–27 삼성동 코엑스에서 한자리에서 만날 수 있다고 하네요~ 또한, 소싱인마켓 2025는 • 기 간 2025. 11. 26.(수) – 11. 28.(금) • 장 소 코엑스 C홀 • 규 모 350개사 400부스 • 주 최 코엑스, (사)한국MD협회 • 주 관 코엑스 • 협업전시 도쿄 인터내셔널 Gift Show in 서울 / KITA Grand Sourcing Fair 2025 / 롱블랙 컨퍼런스 2026 소비재 트랜드, 유통 판로 개척, 굿즈 관련 B2B 전시회 입니다. 관심 있으신 분들은 참가해보세요 ^^","https://xn--910bs4koon3ga84e.com/free/1084","",""
"자영업나라","무인 아이스크림 할인점 창업, 성공의 비결은?","최근 무인 아이스크림 할인점 창업이 많은 관심을 받고 있습니다. 창업의 매력은 낮은 인건비와 간단한 운영 방식에 있습니다. 하지만 막상 창업을 결심하더라도 '수익 계산 진짜 기준'에 대해 잘 모르시는 분들이 많습니다. 이런 부분을 정리해보면, 무인 아이스크림 할인점 창업을 준비하는 데 큰 도움이 될 것입니다.무인 아이스크림 할인점 창업의 첫 번째 장점은 자동화된 판매 시스템입니다. 이는 인력을 최소화할 수 있는 방법으로, 월 고정비용이 낮아 운영이 용이합니다. 이와 함께 소비자들에게는 저렴한 가격으로 아이스크림을 제공할 수 있어 서로에게 윈윈(win-win) 효과를 가져옵니다.그렇다면 무인 아이스크림 할인점 창업을 위한 초기 투자 비용은 얼마나 될까요? 대략적으로 매장 임대료, 기계 구입비용, 인테리어 비용 등을 포함하여 1,000만 원에서 2,000만 원 정도가 필요합니다. 만약 프랜차이즈로 시작할 경우, 초기 비용이 더 늘어날 수 있지만, 브랜드 인지도와 운영 노하우를 활용할 수 있다는 점에서 큰 이점이 됩니다.이제 수익 계산 진짜 기준에 대해 살펴보겠습니다. 무인 아이스크림 할인점의 평균 매출은 위치와 시즌에 따라 다르지만, 보통 하루 100명 이상의 고객이 방문하는 매장을 기준으로 하루 매출이 30만 원에서 50만 원 수준으로 예상됩니다. 이를 월로 환산하면 900만 원에서 1,500만 원 정도의 매출을 기록할 수 있습니다. 다만, 이러한 수익은 마케팅과 입지 조건에 따라 크게 변동될 수 있음을 명심해야 합니다.무인 아이스크림 할인점은 소비자들에게 추가적인 혜택을 제공하는 것도 좋은 전략입니다. 예를 들어, 특정 기간 동안 무인 할인 프로모션을 진행하거나, 고객이 재방문할 수 있도록 적립 프로그램을 도입하는 방법도 있습니다. 이러한 전략들은 방문객 수를 증가시키고, 결국 매출 상승으로 이어질 수 있습니다.사업의 운영 내내 중요한 포인트는 고객 만족도입니다. 무인 아이스크림 할인점이라 하더라도, 고객들이 불편함을 느끼지 않도록 기계의 유지 관리와 청결에 신경을 써야 합니다. 정기적인 청소와 정비를 통해 고객 신뢰를 쌓으면 장기적으로 안정적인 수익을 얻을 수 있습니다.또한, 무인 아이스크림 할인점 창업 후에는 운영 상황을 지속적으로 모니터링하고, 필요한 경우 전략을 수정해야 합니다. 계절, 날씨, 지역 트렌드 등을 고려하여 메뉴를 업데이트하는 것도 좋은 방법입니다. 이러한 작은 변화들이 고객들의 재방문을 이끌어낼 수 있는 지름길이 될 것입니다.결론적으로, 무인 아이스크림 할인점 창업은 매력적인 아이템으로, 수익 계산 진짜 기준을 잘 이해하고 시작하면 많은 이점을 누릴 수 있습니다. 초기 비용과 운영 관리, 그리고 고객 경험에 대한 꼼꼼한 계획이 성공적인 창업의 열쇠가 될 것입니다. 적절한 전략과 열정을 가지고 도전해 보세요. 여러분의 아이스크림 할인점이 성공적으로 자리 잡기를 바랍니다.","https://xn--910bs4koon3ga84e.com/Blog/86","",""
"자영업나라","2025년 소자본 창업 트렌드, 어떤 업종이 뜰까?","✅ 유망 업종 & 소자본 창업 아이템 아이템 이유/ 특징 예상 초기비용 & 유의사항 무인 점포 사업 (무인 카페, 무인 판매기, 무인 편의점, 자동판매기 카페 등) 인건비 절감, 24시간 운영 가능성, 손님 스스로 이용 초기 자동화 설비/기계 + 입지 확보 + 유지보수 비용 있음. 계절성/유동인구 큰 지역이 유리 1인 운영 매장 / 1인 창업형 소형 점포 (작은 카페, 테이크아웃 전문, 배달 중심 음식점, 일인 뷰티샵 등) 운영 인력 최소화 가능, 관리 부담 비교적 적음. 혼자 운영하면서도 유연성이 있음 본인이 여러 역할 감당해야 함(조리·제조·서비스·정리 등). 경쟁 치열, 브랜드 차별화 필요. 입지 잘 선택해야 함 온라인 스토어 / 무재고 판매 / 해외구매대행 물리적 재고 부담 줄임. 플랫폼 활용으로 초기 쇼룸 없이도 시작 가능. 제품 선정(트렌드, 질, 가격) 중요. 배송/반품 관리 복잡할 수 있고 소비자 신뢰 얻는 데 시간 필요. 디지털 컨텐츠 / 지식 상품 & 온라인 강의 제작 후 지속적인 판매 가능 (“패시브 인컴”) 요소. 본인이 가진 지식/경험을 상품화 가능. 퀄리티 확보 필요 (영상, 편집, 콘텐츠 구성 등). 마케팅/ 브랜딩이 수익에 큰 영향 줌. 플랫폼 수수료 및 저작권 등 법적 요소 체크 필요 영상편집 / 콘텐츠 제작 대행 1인 미디어 및 기업 SNS/마케팅 수요 높음. 편집 기술 & 감성/트렌드 감각 중요. 장비·소프트웨어 초기 셋업 비용이 있으나 규모 조절 가능. 프로젝트 관리 힘들 수 있음. 반려동물 관련 서비스 (펫시터, 펫용품, 펫 유치원, 반려동물 장례 등) 반려동물 인구 지속 증가 + 소비자들이 프리미엄/감성 제품/서비스에 지출 꺼리지 않음 위생/안전 규제 주의. 공간·허가 요건 있을 수 있고, 초기 고객 확보 마케팅 필수. 계절성/지역성 고려해야 함 시니어(실버) 케어 & 홈케어 서비스 고령화 사회 진입 → 돌봄, 건강 관리, 생활지원 서비스 수요 증가. 공공지원 & 사회적 가치 측면에서도 유리 자격/허가 요건 확인 필요. 인력 확보 및 서비스 품질 유지가 생명. 비용과 수익 구조 잘 설계되어야 함. 생활체육 / 여가 스포츠 레슨 & 코칭 (테니스, 골프, 요가, 실내 체육 시설 소형 등) 여가·건강 중시 트렌드 + 워라밸 증대. 취미·건강 복합 수요 장소·공간 임대 비용 주의. 기구·장비 비용, 관리비용 등이 예상보다 클 수 있음. 계절성 수요 변화 고려⚠️ 성공 확률 높이려면 꼭 고려해야 할 것들- 입지 & 상권 분석 철저히: 유동 인구, 경쟁업체, 접근성, 유사 아이템 존재 여부 등.- 초기비용 vs 고정비 구조 파악: 월세·전기료·인건비·마케팅비 등이 매출 대비 부담되지 않을지 계산.- 마케팅 역량: SNS, 온라인 광고, 리뷰 관리 등 초기 고객 확보 전략이 매우 중요.- 운영 자동화·시스템화: 예약, 결제, 고객관리, 재고관리 등 가능하면 자동화 도구 활용. 번거로운 반복 작업 줄이면 운영 탄력성 높아짐.- 차별화 요소 확보: 단순히 비슷한 것만 따라가면 경쟁 치열함. 디자인, 서비스 경험, 브랜드 스토리 등 특색 만들기.- 규제 & 허가 사항 점검: 식품·보건·위생·사업장 허가 등 아이템에 따라 법적 제약 있을 수 있음.","https://xn--910bs4koon3ga84e.com/Blog/63","",""
"자영업나라","원청 사용자 범위 확대된 노란봉투법 분석","노동계에서 오랫동안 염원했던 노란봉투법이 드디어 현실화되었어요. 특히 원청 사용자 범위를 확대한 이번 개정은 하청 노동자들의 권리 보호에 큰 변화를 가져올 전망이에요. 이 글에서는 노란봉투법의 주요 변화와 이것이 노동 환경에 미칠 영향에 대해 자세히 알아볼게요.노란봉투법의 개념과 입법 배경노란봉투법은 '노동조합 및 노동관계 조정법(노조법)'의 개정안으로, 노동자들의 권익을 강화하기 위해 만들어진 법안이에요. 이 법안이 '노란봉투'라는 이름을 갖게 된 건 20년 가까이 노동자들이 법안 통과를 위해 국회의원들에게 노란 봉투에 담아 탄원서를 보낸 데서 유래했어요.하청 노동자와 특수고용 노동자들은 그동안 법적 보호의 사각지대에 있었어요. 실질적으로 원청의 지시를 받지만, 법적으로는 직접 고용 관계가 아니라는 이유로 노동권을 제대로 보장받지 못했죠. 노란봉투법은 이런 현실적인 노사관계를 반영해 기존 노동법의 한계를 보완하고자 했어요.사실 한국의 산업 구조가 복잡해지면서 고용 형태도 다양해졌는데, 법은 이러한 변화를 따라가지 못했던 게 현실이에요. 노란봉투법은 이런 간극을 메우는 역할을 하게 될 거예요.사용자 범위 확대의 핵심 변화노란봉투법의 가장 큰 변화는 '사용자'의 범위를 확대한 점이에요. 기존에는 직접 근로계약을 맺은 당사자만 사용자로 인정했지만, 이제는 '실질적 지배력'을 기준으로 사용자를 판단해요.개정된 노조법 제2조에 따르면, 사용자란 '근로계약 체결의 당사자가 아니더라도 해당 노동자의 근로조건을 실질적이고 구체적으로 지배·결정할 수 있는 지위에 있는 자'까지 포함해요. 이는 원청 기업도 하청 노동자에 대한 사용자로 인정받을 수 있는 법적 근거가 마련되었다는 뜻이에요. 구분 기존 노조법 개정 노란봉투 사용자 정의 근로계약 체결 당사자 근로계약 체결 당사자 + 근로조건을 실질적으로 지배·결정하는 자 단체교섭 대상 직접 고용주만 해당 원청 기업도 포함 가능 적용 대상 정규직 중심 하청, 특수고용 노동자까지 확대 이렇게 사용자 범위가 확대됨에 따라 하청 노동자들도 원청을 상대로 직접 교섭을 요구할 수 있게 되었어요.원청-하청 관계의 구조적 변화노란봉투법으로 인해 원청-하청 관계에도 큰 변화가 생겼어요. 이제 하청 노조는 원청 기업을 대상으로 단체교섭을 요구할 수 있는 권한을 갖게 되었어요. 이는 수직 계열화가 심한 한국 제조업 특성상 노사 간 교섭 관계가 더 복잡해질 수 있음을 의미해요.또한 원청 기업의 경영 사항에 대해서도 하청 노조의 파업권이 인정될 수 있게 되었어요. 예를 들어 원청이 하청 업체와의 계약을 갑자기 해지하거나 단가를 낮추는 결정을 할 경우, 하청 노동자들은 이에 대해 단체행동을 할 수 있는 법적 근거가 생긴 거예요.이러한 변화는 기존의 개별적인 계약 관계에서 더 통합적인 노사관계로 전환되는 계기가 될 것으로 보여요. 하청 업체를 통한 간접 고용이 많은 한국 산업 현장에서는 상당히 의미 있는 변화라고 할 수 있어요.기업에 미치는 영향과 우려사항노란봉투법이 기업에 미치는 영향에 대한 우려도 있어요. 원청 기업 입장에서는 다중 교섭에 대한 부담이 커질 수 있어요. 직접 고용한 노동자뿐만 아니라 다수의 하청 업체 노동자들과도 교섭해야 하는 상황이 생길 수 있기 때문이에요.또한 일부에서는 이런 복잡한 노사관계로 인해 해외 기업들이 한국 투자를 꺼리거나 철수할 가능성도 제기하고 있어요. 노사 갈등이 심화되면 기업 운영의 불안정성이 커질 수 있다는 우려도 있고요.특히 일자리 창출 측면에서도 기업들이 신규 채용을 줄이거나 자동화를 더 적극적으로 추진할 가능성이 있다는 의견도 나오고 있어요. 이런 우려들은 법 시행 과정에서 어떻게 해소해 나갈 것인지가 중요한 과제로 남아 있어요.노동자에게 미치는 긍정적 효과반면 노동자, 특히 하청 노동자들에게는 노란봉투법이 가져올 긍정적인 효과가 많이 기대돼요. 무엇보다 하청 노동자들의 실질적인 교섭력이 강화되고 권익 보호가 확대될 것으로 예상돼요.그동안 하청 노동자들은 원청이 실질적으로 근로조건을 결정하는데도 불구하고, 원청을 상대로 직접 권리를 주장하기 어려웠어요. 하지만 이제는 법적으로 원청에 대한 직접적인 권리 주장이 가능해졌어요.또한 근로조건 개선을 위한 법적 수단도 다양화되었어요. 원청의 결정이 하청 노동자의 근로조건에 영향을 미칠 때, 이에 대해 대응할 수 있는 법적 근거가 생긴 거죠. 이로 인해 노동조합 활동의 실효성도 크게 높아질 것으로 보여요.시행 현황과 정치적 쟁점노란봉투법은 2023년 11월과 2024년 8월, 두 차례에 걸쳐 국회 본회의를 통과했어요. 그러나 아직 윤석열 대통령의 재의요구권(거부권) 행사 가능성이 있어 최종 시행까지는 조금 더 지켜봐야 해요.여야 간 정치적 대립도 여전히 존재하고 있어요. 여당은 경제에 미치는 부정적 영향을 우려하는 반면, 야당은 노동자 권익 보호를 위한 필수적인 법안이라고 주장하고 있죠. 이런 상황에서 사회적 합의를 이끌어내는 것도 중요한 과제예요.법이 최종 확정되면 세부 시행령을 마련하고 후속 조치를 준비하는 과정이 필요해요. 특히 '실질적 지배력'의 구체적인 판단 기준이나 교섭 절차 등에 대한 세부 지침이 마련되어야 할 거예요.실무적 대응 방안과 준비사항기업과 노동자 모두 노란봉투법 시행에 대비한 준비가 필요해요. 원청 기업은 노사관계 관리 시스템을 재정비할 필요가 있어요. 하청 업체와의 계약 내용, 업무 지시 방식, 근로조건 결정 과정 등을 전반적으로 점검해야 해요.하청 노조는 교섭 전략을 수립하고 법적 권리에 대한 이해를 높여야 해요. 원청을 상대로 어떤 사안에 대해, 어떻게 교섭을 요구할 것인지 준비가 필요하죠. 당사자 준비사항 원청 기업 노사관계 관리 시스템 재정비, 하청 계약 검토, 교섭 대응 매뉴얼 마련 하청 기업 원청-하청-노조 간 중재 역할 준비, 노사관계 재정립 하청 노조 교섭 요구안 마련, 법적 권리 이해, 조직력 강화 정부 세부 시행령 마련, 노사 갈등 조정 메커니즘 구축 또한 노사 간 상생 협력 모델을 개발하고 갈등을 예방하는 방안도 중요해요. 중소기업과 대기업 간 상생 생태계를 구축하는 것도 법 시행의 부작용을 최소화하는 데 도움이 될 거예요.향후 전망과 기대효과노란봉투법은 한국 노동법 체계의 현실적 개선과 발전 방향을 제시했다는 점에서 의미가 커요. 이를 통해 노사관계가 선진화되고 제도적 기반이 강화될 것으로 기대돼요.특히 이번 법 개정을 계기로 특수고용 노동자나 플랫폼 노동자의 권리 확대로 이어질 가능성도 있어요. 다양한 고용 형태에 맞는 노동권 보장 체계가 더욱 발전할 수 있는 토대가 마련된 거죠.무엇보다 중요한 것은 사회적 대화와 협력을 통해 지속가능한 노사관계를 정착시키는 일이에요. 노란봉투법이 노사 갈등을 심화시키는 게 아니라, 더 건강한 노사관계를 만드는 계기가 되길 바라요.노란봉투법, 노동 환경 변화의 시작점노란봉투법은 한국 노동 환경의 새로운 변화를 알리는 시작점이 될 것으로 보여요. 원청 사용자 범위 확대는 실질적인 노동권 보장을 위한 중요한 발걸음이에요. 다만 이 법이 실효성을 갖기 위해서는 노사 모두의 이해와 협력이 필요해요. 앞으로 노란봉투법이 어떻게 현장에 적용되고 발전해 나갈지 함께 지켜봐요.","https://xn--910bs4koon3ga84e.com/Blog/50","",""
"자영업나라","자영업자 뜻 한눈에 이해하는 10가지 핵심 포인트","요즘 창업에 관심 있으신가요? 아니면 이미 자영업을 하고 계신가요? 자영업자라는 단어는 많이 들어봤지만, 정확히 어떤 의미인지 헷갈리는 경우가 많아요. 이 글에서는 자영업자의 뜻부터 2025년 트렌드까지 알기 쉽게 설명해 드릴게요. 특히 자영업을 시작하려는 분들에게 꼭 필요한 정보를 담았어요!자영업자 뜻과 왜 중요한가자영업자란 쉽게 말해 '직원 없이 혼자서 사업을 운영하는 사람'을 말해요. 통계청에서는 이들을 비임금근로자로 분류하고 있어요. 프리랜서나 배달 플랫폼에서 일하는 분들도 자영업자에 포함돼요.자영업자의 범위는 꽤 넓은데요, 동네 식당이나 편의점 같은 점포형부터 용달이나 대리운전 같은 이동형, 집에서 의류나 부품을 만드는 가내수공업, 그리고 디자이너나 개발자 같은 1인 전문업까지 다양해요.우리나라 경제에서 자영업자가 차지하는 비중은 상당히 커요. 특히 내수경제의 핵심 축으로서 고용 창출에도 큰 역할을 하고 있죠. 하지만 경기 변동이나 정책 변화에 직접적인 영향을 받는 만큼 위험도 큰 편이에요.2025년 현재는 금리, 임대료, 인건비 등 사업 환경이 크게 변하고 있고, 온라인 전환도 빠르게 진행되고 있어요. 이런 시기에 자영업자 뜻과 제도를 제대로 이해하는 것은 생존을 위한 필수 조건이라고 할 수 있어요.자영업자와 유사 개념 구분(소상공인·프리랜서·플랫폼노동)자영업자와 비슷한 개념들이 많아서 헷갈리는 경우가 많아요. 간단히 구분해 볼게요.소상공인은 '규모'를 기준으로 하는 개념이에요. 종사자 수나 매출액이 일정 기준 이하인 사업자를 말하는데, 정부 지원 정책의 대상을 구분하기 위해 만들어진 개념이죠. 자영업자의 대부분은 소상공인에 해당하지만, 법적 요건이 다르기 때문에 지원받을 때는 꼭 확인이 필요해요.프리랜서나 개인사업자는 계약 단위로 일하며 사업소득을 올리는 비임금근로자예요. 세무서에 사업자등록을 했는지 여부와 상관없이 소득이 발생하는 방식으로 판단해요.플랫폼 노동자는 배달앱이나 대리운전 앱 같은 플랫폼을 통해 일하는 사람들을 말해요. 이들은 자영업자 성격이 강하지만, 일부는 특수고용직이나 근로자로 볼 수 있는지에 대한 논쟁이 있어요.아래 표를 통해 각 개념의 차이점을 확인해 보세요. 구분 정의 주요 특징 관련 제도 자영업자 임금근로자 없이 자기 책임으로 사업 영위 비임금근로자 범주, 독립적 사업 운영 국민연금 지역가입, 지역건강보험 소상공인 규모 기준 충족 사업자 업종별 상이한 기준(인원수, 매출액) 정책자금, 컨설팅, 교육 지원 프리랜서 계약 단위 일하는 비임금근로자 사업소득 형태, 복수 거래처 특고 고용보험 일부 적용 플랫폼노동 앱/플랫폼 매개 영업 앱 의존성, 수수료 구조 산재보험 특례 적용 가능중요한 점은 지원 제도나 보험, 세무 등은 ""지위(근로자/비임금), 규모(소상공인 요건), 업종(위험도나 허가 여부)""에 따라 달라진다는 거예요. 자신이 어디에 해당하는지 정확히 알고 있어야 필요한 혜택을 놓치지 않을 수 있어요.2024-2025 자영업 현황 한눈에 보기최근 자영업 현황을 살펴보면 전반적으로 어려운 상황이 계속되고 있어요. 2024년 10월에는 577만 명이었던 자영업자 수가 2025년 3월에는 556만 8천 명으로 감소했어요. 불과 5개월 사이에 약 20만 명이 줄어든 셈이죠.폐업률도 심상치 않아요. 2023년 전체 평균 폐업률은 9.0%였는데, 특히 음식업은 16.2%, 소매업은 15.9%로 매우 높았어요. 이 업종들은 진입장벽이 낮아 경쟁이 심하기 때문인데요, 그만큼 생존이 쉽지 않다는 뜻이기도 해요.자영업자들의 재정 상황도 점점 악화되고 있어요. 자영업자 대출 잔액이 2021년 909조원에서 2024년 1,064조원으로 크게 늘었고, 1개월 이상 연체한 차주는 3년 새 3.6배나 급증했어요. 이렇게 부채 부담이 커지면서 생계형 자영업자가 늘고 있는데, 2024년 5월에는 부업을 하는 나 홀로 자영업자가 18만 7천 명으로 통계 작성 이래 최고치를 기록했어요.이런 수치들은 자영업자들이 얼마나 힘든 환경에서 살아남기 위해 노력하고 있는지 보여주고 있어요. 자영업자 뜻을 넘어 실제 현실을 이해하는 것이 중요한 이유이기도 하죠.자영업자 뜻에서 미래 전략까지지금까지 자영업자 뜻부터 2025년 전망까지 다양한 내용을 살펴봤어요. 자영업자란 '비임금근로자로서 자기 책임 하에 사업을 영위하는 개인'을 말하며, 2025년은 총량 축소와 효율 중심의 재편이 진행되는 중요한 시기예요.앞으로 자영업 시장에서는 온라인과 1인 전문업, 자동화와 데이터 경영, 협업과 공유 인프라 활용 등에서 기회를 찾을 수 있을 거예요. 반면 수요 둔화, 비용 상승, 부채 부담 등은 계속해서 리스크로 작용할 전망이에요. 특히 음식점이나 소매업은 구조적인 경쟁 심화로 어려움이 예상돼요.성공적인 자영업을 위해서는 시작 전에 법률, 세무, 보험 체계를 잘 갖추고, 다양한 채널 운영과 원가 관리, 현금흐름 관리에 집중하는 것이 중요해요. 또한 정부나 지자체에서 제공하는 정책자금이나 교육 프로그램도 적극 활용하세요.자영업의 환경은 계속 변화하고 있지만, 그 본질은 변하지 않아요. 자신만의 경쟁력을 갖추고 트렌드에 맞게 변화해 나간다면, 어려운 시장 환경에서도 성공할 수 있을 거예요. 자영업자 뜻을 넘어 진정한 자영업 전문가로 성장하시길 응원합니다!","https://xn--910bs4koon3ga84e.com/Blog/45","",""
"자영업나라","자영업자의 재무 관리 핵심 노하우","사업과 생활이 혼재된 자영업자의 재무 관리는일반 직장인과는 다른 접근이 필요해요.오늘은 불규칙한 수입에도 안정적인 재무상태를 유지하고, 사업을 성장시키는 데도움이 될 핵심 노하우를 알아볼게요.월급쟁이가 아닌 자영업자만의 특별한 재무 관리 방법, 지금 시작해 볼까요?자영업자의 재무 관리 핵심 개념자영업자로 살아가는 길은 자유롭지만그만큼 책임도 큰 법이에요. 월급처럼 정해진날짜에 고정된 금액이 들어오는 것이 아니기때문에 재무 관리가 더욱 중요하죠. 특히성수기와 비수기가 뚜렷한 업종이라면수입의 변동성에 대비한 예비금 관리는 필수예요.또한 자영업자는 사업 소득세, 부가가치세 등다양한 세금 문제와 직접 마주해야 해요.이런 세무 처리를 정확히 하지 않으면 나중에큰 부담으로 돌아올 수 있죠. 게다가직장인과 달리 4대 보험도 스스로챙겨야 하는 상황이에요.재무 안정성은 사업 확장의 기반이 되기도 해요.튼튼한 재무 계획이 있다면 갑작스러운 위기에도무너지지 않고, 오히려 기회가 왔을 때과감하게 투자할 여력도 생기게 되죠.수입 관리 전략자영업자에게 가장 중요한 것은 사업 수익과개인 수입을 명확히 분리하는 거예요. 통장을 최소 두 개 이상 만들어 사업용과개인용으로 나누어 관리하면 훨씬 명확해져요.이렇게 하면 사업의 실제 수익성도정확히 파악할 수 있고요.또한 세금은 미리미리 준비해두는 게 좋아요.소득이 발생할 때마다 20~30%를 별도계좌에 바로 적립해두면 나중에 세금 납부 시기에당황하지 않을 수 있어요. 이건 정말 많은자영업자들이 놓치는 부분이기도 하죠.수입원을 다각화하는 것도 중요한 전략이에요.본업 외에도 관련 분야의 부업이나 투자 수익 등추가 수입원을 확보해두면 사업이 일시적으로어려울 때 큰 도움이 돼요. 수입 관리 항목 실천 방법 기대 효과 수입 분리 사업용 / 개인용 통장 분리 정확한 사업 수익성 파악 세금 예치금 소득의 20 ~ 30% 별도 적립 세금 납부 스트레스 감소 수입 다각화 부업 / 투자 등 추가 수입원 확보 수입 안정성 증가 지출 분석 및 분류요즘은 지출 관리도 스마트하게 할 수 있어요.뱅크 샐러드, 카카오페이 같은 앱들은 지출 내역을자동으로 분류해 주기 때문에 가계부 쓰는 수고를크게 줄여줘요. 이런 디지털 가계부를 활용하면어디에 돈이 새는지 한눈에 파악할 수 있죠.지출은 크게 사업용과 개인용으로 나눌 수 있어요.사업용은 사무실 임대료, 장비 구입비, 재료비같은 것들이고, 개인용은 생활비, 여가비 등이포함되죠. 이렇게 구분해서 관리하면 세금계산할 때도 편리하고, 사업의 실제 수익성도정확히 알 수 있어요.매주 한 번씩은 시간을 내서 지출 패턴을 검토하는습관도 필요해요. ""이번 주엔 배달음식에너무 많이 썼네?"" 같은 깨달음을 얻으면다음 주 예산을 조정할 수 있잖아요.자영업자는 수입이 불규칙하기 때문에이런 지출 점검이 더 중요하답니다.예산 편성 방법일반적인 50:30:20 규칙(필수 지출:개인 지출:저축)을 자영업자에게 맞게 수정해 볼 수 있어요. 사업비 50%, 생활비 30%, 저축/투자 20%정도로 조정하는 것이 좋은데,이것도 각자의 상황에 맞게 유연하게 적용해야 해요.수입이 들쭉날쭉한 자영업 특성상 이 비율도상황에 맞게 조절해야 해요. 성수기에는저축 비율을 더 높이고, 비수기에는 조금 낮추는식으로요. 중요한 건 1년 전체로 보면 건전한재무 상태를 유지하는 거예요.자영업자는 갑작스러운 사업 비용에 대비해야 해요.가게 수리비, 장비 고장, 심지어 법적 분쟁까지...예상치 못한 지출이 많죠. 그래서 일반적인비상금 외에도 사업용 비상금을 별도로마련해두는 게 현명해요.세금 최적화 전략자영업자는 다양한 사업 비용을 세금 공제 항목으로활용할 수 있어요. 사무실 임대료, 업무용 장비,관련 교육비 등이 대표적이죠. 영수증 관리만잘해도 세금 부담을 크게 줄일 수 있답니다.연간 소득세를 한 번에 내는 것보다 4분기로나눠서 납부하면 부담이 훨씬 줄어들어요.특히 수입이 불규칙한 자영업자에게는이런 분할 납부 방식이 현금 흐름 관리에도움이 된답니다.세금 문제는 전문가의 도움을 받는 게 현명해요.비용이 들더라도 좋은 세무사와 협력하면장기적으로 더 많은 비용을 절약할 수 있어요.세무 리스크도 줄이고 합법적인 절세 방법도알려주니까요.비상금 준비자영업자는 개인용과 사업용 비상금을 따로준비하는 것이 좋아요. 개인용은 3~6개월치생활비 규모로, 예금이나 MMF 같은 유동성높은 자산으로 구성하세요. 갑자기 아프거나가족 문제가 생겼을 때 사업에 영향을 주지 않고대응할 수 있어요.사업용 비상금은 장비 고장, 갑작스러운 시설 보수,소송 비용 등에 대비한 별도의 예비금이에요.업종마다 다르지만 보통 월 고정 비용의3~6개월 치 정도면 적당하다고 볼 수 있어요.비상금은 언제든 현금화할 수 있는 자산으로구성하는 게 중요해요. 정기예금보다는수시입출금 통장이나 MMF, 국채 같은 안전하면서도유동성 높은 상품을 선택하세요. 필요할 때바로 꺼내 쓸 수 있어야 진짜 비상금이니까요!자동화 도구 활용 및 장기 자산 관리바쁜 자영업자에게 금융 관리 자동화는 필수예요.매월 특정 날짜에 저축이나 투자 금액이 자동으로이체되도록 설정해두면 따로 신경 쓸 필요가 없죠.이렇게 하면 바쁜 와중에도 재무 목표를 꾸준히달성할 수 있어요.영수증 관리도 디지털 도구를 활용하면 편리해요.Toss나 간편결제 앱들은 영수증을 자동으로저장하고 분류해 주니까 나중에 세금 정산할 때 한결 수월하답니다.장기적인 노후 준비도 잊지 마세요. 직장인과 달리 회사에서 챙겨주는 퇴직금이 없기 때문에 개 인형 퇴직연금(IRP)에 가입해 세제 혜택을 받으며 노후자금을 마련하는 것이 현명해요.당장은 여유가 없더라도 소액이라도 시작해 보세요.자영업자만의 특별한 재무 관리자영업자의 재무 관리는 단순한 가계부 관리를넘어 사업의 성패와 직결돼요. 수입과 지출을명확히 분리하고, 세금을 미리 준비하며, 비상금을탄탄히 마련해두는 것이 중요해요. 특히 디지털도구를 활용해 자동화하면 바쁜 와중에도효율적인 재무 관리가 가능하답니다.오늘부터 이런 노하우를 하나씩 실천해 보면 어떨까요?","https://xn--910bs4koon3ga84e.com/Blog/37","",""
"자영업나라","개인 커피숍 창업 비용과 성공 전략","⭐ 개인 커피숍 창업 비용과 성공 전략 커피 한 잔의 여유를 선물하는 나만의 카페를 꿈꾸시나요? 개인 커피숍 창업은 많은 이들의 로망이지만, 실제로 얼마나 비용이 드는지 고민이 많으실 거예요. 오늘은 개인 커피숍 창업 비용부터 성공적인 운영 전략까지 알아볼게요. 커피숍 창업을 준비 중이시라면 꼭 챙겨보세요! ⭐ 커피숍 창업 비용은 얼마나 들까요? 개인 커피숍 창업 비용은 생각보다 천차만별이에요. 10평 남짓한 작은 카페부터 넓고 고급스러운 대형 카페까지, 어떤 공간을 꿈꾸느냐에 따라 비용이 크게 달라지죠. 일반적으로 개인 커피숍 창업 비용은 5,000만 원에서 2억 원 사이로 형성돼요. 작은 규모(10평대)라면 4,000만 원부터 시작할 수 있지만, 고급 장비와 인테리어를 적용하면 금세 1억을 넘어가곤 해요. 예산이 부족하다면 중고 커피머신을 구입하거나 DIY 인테리어를 시도해 볼 수도 있어요. 그러나 고객 경험과 직결되는 부분에서는 지나친 비용 절감은 피하는 게 좋답니다. ⭐ 좋은 위치를 선택하는 방법 ""위치가 곧 매출이다""라는 말이 있을 정도로 카페의 위치는 정말 중요해요. 아무리 맛있는 커피와 멋진 인테리어를 갖춰도 사람이 찾지 않는 곳이라면 의미가 없죠. 좋은 위치를 선택하려면 다음 요소들을 꼼꼼히 살펴봐야 해요: 첫째, 접근성이 좋아야 해요. 지하철역 주변, 대학가, 오피스 빌딩 인근은 유동인구가 많아 안정적인 고객층을 확보할 수 있어요. 둘째, 경쟁 환경을 체크하세요. 스타벅스, 투썸플레이스 같은 대형 프랜차이즈가 즐비한 곳이라면 차별화 전략이 필수예요. 셋째, 시간대별 유동인구를 분석해보세요. 예를 들어, 오피스 밀집 지역은 점심시간과 퇴근 시간에 손님이 몰리고, 주거지역은 저녁 시간에 가족 단위 손님이 많아요. 위치 선정은 단순히 한 번 둘러보고 결정할 문제가 아니에요. 최소 3개월간 다양한 시간대에 현장을 방문해 실제 고객 흐름을 관찰하는 것이 중요해요. 개인 커피숍 창업 비용의 대부분이 위치에 따라 달라지니 신중하게 결정하세요! ⭐ 인테리어 비용과 디자인 팁 카페 인테리어는 단순히 예쁘게 꾸미는 것 이상의 의미가 있어요. 고객이 처음 들어오는 순간부터 떠나는 순간까지의 경험을 디자인하는 과정이니까요. 10평대 기준으로 인테리어 비용은 평균 1,200만 원에서 1,500만 원 정도 소요돼요. 하지만 고급 자재나 특수 디자인을 적용하면 3,000만 원을 훌쩍 넘기도 해요. 효과적인 카페 디자인을 위한 팁을 알려드릴게요: - 공간 분할을 명확히 하세요. 카운터, 좌석, 화장실 구역을 구분해 동선이 겹치지 않도록 해야 해요. - 조명은 웜톤으로 설치해 편안한 분위기를 만들어보세요. LED 조명은 전기료도 절약되고 오래 사용할 수 있어요. - 자연 소재를 활용해보세요. 목재, 콘크리트, 벽돌 등은 시간이 지나도 촌스러워지지 않는 클래식한 느낌을 줘요. 예산이 부족하다면 중고 가구를 리폼하거나 직접 벽면을 페인팅하는 방법도 있어요. 요즘은 SNS에서 DIY 인테리어 팁을 쉽게 찾을 수 있으니 참고해보세요. 개인 커피숍 창업 비용 중 인테리어는 조절 가능한 부분이니 현명하게 활용하세요! ⭐ 차별화된 메뉴 개발 전략 프랜차이즈 카페가 넘쳐나는 요즘, 개인 커피숍이 살아남으려면 차별화된 메뉴가 필수예요. 어떻게 하면 고객의 마음을 사로잡는 특별한 메뉴를 개발할 수 있을까요? 첫째, 독점 원두를 개발해보세요. 로스팅 전문가와 협력해 오직 당신의 카페에서만 맛볼 수 있는 블렌드를 만들면 단골 고객을 확보할 수 있어요. 둘째, 시그니처 음료를 만들어보세요. 카라멜 마키아또나 시나몬 라떼 같은 단맛이 강한 음료, 망고 라떼나 베리 스무디 같은 과일 조합, 계절별 한정 메뉴 등이 인기를 끌어요. 셋째, 디저트 메뉴도 준비하세요. 직접 만든 크로아상이나 타르트는 수익률도 높고 고객 만족도도 높아요. 요즘은 브런치 메뉴인 아보카도 토스트나 에그 베네딕트도 인기죠. 넷째, 프리미엄 옵션을 제공해보세요. 고급 원두 추가(1,000~3,000원)나 휘핑크림, 시럽 등의 토핑 서비스는 추가 수익을 올릴 수 있는 방법이에요. 2~3개월마다 한정판 메뉴를 출시하면 고객들의 재방문율을 높일 수 있어요. 또한 글루텐 프리, 비건 옵션 같은 알레르기 대응 메뉴를 준비하면 특정 고객층을 확실히 사로잡을 수 있답니다! ⭐ 인건비 절감을 위한 운영 전략 개인 커피숍 창업 비용 중에서도 꾸준히 발생하는 인건비는 사업 지속성에 큰 영향을 미쳐요. 초기 3개월 동안만 해도 1,500만 원에서 3,600만 원의 인건비가 발생할 수 있으니 효율적인 운영 전략이 필요하죠. 첫째, 1인 운영을 고려해보세요. 주말이나 휴일을 제외한 평일에는 혼자 매장을 운영하면 월 1,000만 원 이상의 비용을 절약할 수 있어요. 둘째, 파트타임 직원을 활용하세요. 주 3~4일만 근무하는 바리스타를 시간당 8,000~10,000원에 고용하면 풀타임보다 비용을 줄일 수 있어요. 셋째, 자동화 시스템을 도입해보세요. 셀프 주문 키오스크(500만 원~1,000만 원)나 로봇 커피머신(2,000만 원~3,000만 원)은 초기 비용이 들지만 장기적으로는 인건비를 크게 줄일 수 있어요. 넷째, 표준 매뉴얼을 작성하세요. 신규 직원도 빠르게 적응할 수 있도록 업무 매뉴얼을 만들어두면 교육 시간과 비용을 줄일 수 있어요. 특히 주말에만 직원을 고용하고 평일은 혼자 운영하는 전략이 효과적이에요. 다만 서비스 품질이 떨어지지 않도록 주의해야 한다는 점! 고객 만족도와 운영 효율성 사이의 균형을 잘 맞추는 것이 중요해요. ⭐ 나만의 커피숍, 성공적인 시작을 위해 ⭐ 개인 커피숍 창업 비용은 최소 5,000만 원부터 시작해 위치와 규모에 따라 2억 원까지 다양하게 발생할 수 있어요. 하지만 단순히 비용만 생각하기보다는 차별화된 메뉴와 인테리어, 효율적인 운영 전략으로 경쟁력을 갖추는 것이 중요해요. 위치 선정부터 메뉴 개발, SNS 마케팅까지 모든 과정에 나만의 색깔을 입히면 프랜차이즈와는 다른 매력으로 고객의 마음을 사로잡을 수 있어요. 철저한 계획과 준비로 나만의 특별한 커피숍을 성공적으로 시작해보세요!","https://xn--910bs4koon3ga84e.com/Blog/1","",""
"자영업나라","배리어프리 키오스크 의무 설치 기준 완벽 정리","요즘 카페나 패스트푸드점에 가면 키오스크로 주문하는 게 당연해졌죠. 그런데 어르신들이나 장애가 있는 분들은 이 기계 앞에서 난감해하는 모습을 본 적 있으신가요? 2025년부터 본격 시행되는 배리어프리 키오스크 의무 설치, 이제 선택이 아닌 필수가 됐어요. 사업장을 운영하시는 분들은 꼭 알아두셔야 할 내용들을 지금부터 하나씩 풀어드릴게요.모두를 위한 키오스크, 왜 중요할까요?편의점, 영화관, 음식점 할 것 없이 키오스크가 없는 곳을 찾기가 더 어려워졌어요. 그런데 이런 디지털 전환이 오히려 누군가에겐 높은 벽이 되고 있다는 사실, 알고 계셨나요?2024년 장애인차별금지법 이행 실태조사 결과가 충격적이에요. 시각장애인 10명 중 7명 이상이 키오스크 대신 직원에게 주문하고 싶어 하더라고요. 휠체어를 사용하는 분들도 60% 이상이 같은 의견이었어요. 화면이 너무 높아서, 음성 안내가 없어서, 터치 반응이 안 좋아서 등 이유는 다양했죠.이런 문제를 해결하려고 정부가 나섰어요. 배리어프리 키오스크 의무 설치는 단순히 법을 지키는 문제가 아니라, 우리 사회가 모든 사람을 배려하는 성숙한 공동체로 나아가는 중요한 발걸음이에요. 디지털 기기 앞에서 누구도 소외되지 않는 세상, 그게 바로 이 제도가 추구하는 목표랍니다.키오스크 의무화, 어떤 법적 근거가?배리어프리 키오스크 의무 설치의 법적 근거는 '장애인차별금지 및 권리구제 등에 관한 법률', 줄여서 장애인차별금지법이에요. 2021년 7월에 이 법이 개정되면서 무인정보단말기를 설치할 때 장애인도 비장애인과 똑같이 사용할 수 있도록 정당한 편의를 제공해야 한다는 조항이 새로 들어갔죠.법만 있다고 끝이 아니에요. 구체적으로 어떻게 만들어야 하는지 기술적인 기준도 필요하잖아요? 그래서 과학기술정보통신부 고시 제2019-25호를 바탕으로 한국산업표준 KS X 9211:2022 '무인정보단말기 접근성 지침'이 만들어졌어요.이 지침에는 화면 높이부터 버튼 크기, 음성 안내 방식까지 세세한 부분이 다 담겨 있어요. 그러니까 사업주 입장에서는 ""대충 이렇게 하면 되겠지""가 아니라, 명확한 기준에 맞춰 키오스크를 준비해야 하는 거예요. 법적 근거가 탄탄하니 이제 배리어프리 키오스크 의무는 피할 수 없는 현실이 됐답니다.설치 의무 대상 시설, 어디까지일까?그럼 어떤 사업장이 배리어프리 키오스크 의무 대상일까요? 이게 제일 궁금하실 거예요. 일단 공공기관은 2024년 1월 28일부터 이미 시작했어요. 그리고 민간 사업장은 규모에 따라 시기가 다른데, 상시 근로자 100인 미만 사업장을 포함한 대부분의 소상공인은 2025년 1월 28일부터 의무 시행 중이에요.핵심은 바닥면적이에요. 사업장 면적이 50㎡, 그러니까 약 15평 이상인 곳에서 키오스크를 새로 설치한다면 무조건 배리어프리 키오스크를 도입해야 해요. 카페나 패스트푸드점, 영화관, 병원 같은 곳이 대부분 해당되겠죠?다만 작은 가게를 운영하시는 분들은 좀 숨통이 트여요. 바닥면적 50㎡ 미만의 소규모 근린생활시설이나 테이블에 놓는 소형 주문 단말기는 완화된 기준이 적용되거든요. 직원 호출벨을 달거나 직원이 직접 도와드리는 방식으로 대응 교육을 받으면 법적 의무를 충족할 수 있어요. 그래도 가능하면 배리어프리 키오스크를 설치하는 게 장기적으로는 더 나은 선택이겠죠.높이, 터치 등 핵심 접근성 기준배리어프리 키오스크의 접근성 기준, 생각보다 까다로워요. 먼저 휠체어 사용자를 생각해볼까요? 화면 높이가 지면에서 80cm 이상 120cm 이하여야 해요. 이 범위 안에 있어야 앉은 상태에서도 편하게 화면을 볼 수 있거든요.터치스크린만 있으면 안 돼요. 손 떨림이 있거나 정확한 터치가 어려운 분들을 위해 키패드 같은 대체 입력 수단도 꼭 제공해야 해요. 그리고 키패드 버튼은 주변보다 2mm 이상 돌출되거나 들어가 있어야 손끝으로 쉽게 구분할 수 있어요. 접근성 항목 세부 기준 화면 높이 지면으로부터 80~120cm 대체 입력 수단 키패드 등 터치 외 입력 방식 제공 버튼 돌출/함몰 주변 대비 2mm 이상 시인성 눈부심 방지, 충분한 폰트 크기, 고대비 화면 시각적인 부분도 중요해요. 눈부심 방지 기능은 기본이고, 글자 크기도 충분히 커야 하죠. 고대비 화면 옵션도 제공해서 저시력자분들이 화면을 또렷하게 볼 수 있도록 해야 해요. 이런 세세한 기준들이 모여서 진짜 모두가 쓸 수 있는 키오스크가 만들어지는 거예요.시각·청각 장애인을 위한 기능은?시각장애인을 위한 기능은 특히 신경 써야 할 부분이에요. 키오스크가 어디 있는지도 모르면 아예 사용할 수가 없잖아요? 그래서 키오스크 위치를 음성으로 안내하는 장치가 필수로 달려야 해요. ""이쪽에 주문 키오스크가 있습니다"" 이런 식으로요.화면에 나오는 모든 내용을 음성으로 읽어주는 기능도 당연히 있어야 하고요. 방향 키패드로 메뉴를 선택하고 주문할 수 있어야 해요. 저시력자분들을 위해선 화면 확대 기능과 고대비 모드도 필요하죠. 한 번 터치로 화면이 2배, 3배로 커지면 메뉴를 읽기가 훨씬 쉬워지거든요.청각장애인을 위한 기능도 빠질 수 없어요. 수어 영상으로 안내하거나, 모든 음성 안내를 문자와 자막으로 동시에 제공해야 해요. 이어폰 같은 개인 청취 장치를 연결할 때는 개인 정보 보호를 위해 음성으로만 읽어주는 예외도 인정돼요.이렇게 보면 배리어프리 키오스크 의무 기준이 정말 꼼꼼하게 만들어졌다는 걸 알 수 있어요. 단순히 장애인을 위한 배려가 아니라, 고령자나 외국인 등 누구에게나 편리한 기기가 되는 거죠.의무화 시행 시기 및 경과 조치시행 시기를 정확히 알아두는 게 중요해요. 공공기관은 이미 2024년 1월 28일부터 배리어프리 키오스크 의무가 시작됐어요. 민간 사업장 중 상시 근로자 100인 미만 사업장은 2025년 1월 28일부터 의무 대상이에요. 지금 이 글을 읽고 계시다면 이미 의무 시행 중이라는 얘기죠.그런데 2025년 1월 28일 전에 이미 키오스크를 설치해놓은 곳은 어떻게 해야 할까요? 다행히 1년의 유예 기간이 있어요. 2026년 1월 27일까지 배리어프리 기능을 갖춘 키오스크로 교체하거나, 완화된 기준에 맞춰 편의 제공 조치를 완료하면 돼요.2026년 1월 28일부터는 본격적으로 전면 적용이에요. 법 개정 전에 설치된 구형 키오스크를 포함해서 모든 무인정보단말기 설치 현장에 배리어프리 키오스크 의무가 적용되는 거죠. 그러니까 지금 당장 준비하지 않으면 나중에 더 급하게 대응해야 할 수도 있어요. 미리미리 준비하는 게 현명한 선택이겠죠?미준수 시 과태료, 얼마나 부과될까?법적 의무니까 당연히 지키지 않으면 불이익이 있어요. 배리어프리 키오스크 의무를 준수하지 않으면 최대 3천만 원 이하의 과태료가 나와요. 작은 사업장에는 꽤 부담스러운 금액이죠.절차는 이렇게 진행돼요. 먼저 국가인권위원회에 진정이 접수되면 조사가 시작돼요. 조사 결과 문제가 있다고 판단되면 시정 권고가 나가고, 이를 따르지 않으면 법무부 장관의 시정 명령이 떨어져요. 그래도 계속 무시하면 그때 과태료가 부과되는 거예요.더 심각한 경우도 있어요. 악의적으로 장애인을 차별했다고 인정되면 3년 이하의 징역이나 3천만 원 이하의 벌금형을 받을 수도 있어요. 단순히 돈 문제가 아니라 형사처벌까지 받을 수 있다는 거죠.""나중에 걸리면 그때 대응하지 뭐"" 이런 생각은 정말 위험해요. 과태료보다 더 큰 건 사업장 이미지 타격이에요. 요즘 소비자들은 사회적 책임을 다하는 기업을 선호하거든요. 배리어프리 키오스크 의무를 제대로 이행하는 게 장기적으로는 사업에도 도움이 된답니다.정부 지원 및 설치 사례 살펴보기""배리어프리 키오스크가 비싸면 어떡하지?"" 걱정하시는 분들 많을 거예요. 그런데 정부가 지원 사업을 운영하고 있어요. 중소벤처기업부와 소상공인시장진흥공단의 '스마트상점 기술보급사업'을 통해 구매 시 공급가액의 최대 70%, 최대 500만 원까지 지원받을 수 있어요.렌탈로 이용하는 경우도 마찬가지예요. 최대 70%, 최대 350만 원까지 지원되죠. 특히 간이과세자, 장애인 기업 같은 취약계층 소상공인은 최대 80%까지 지원받을 수 있어요. 부담을 확 줄여주는 거죠. 지원 유형 일반 지원율 취약계층 지원율 최대 지원 금액 구매 70% 80% 500만 원 렌탈 70% 80% 350만 원 실제 설치 사례도 점점 늘고 있어요. 수원시는 시청과 각 구·동 행정복지센터에 총 88대의 배리어프리 키오스크를 설치했어요. 코레일유통은 전국 37개 철도역, 91개 매장에 배리어프리 키오스크를 도입했고요.이런 사례들을 보면 배리어프리 키오스크 의무가 단순히 법 준수 차원이 아니라, 실제로 모든 고객에게 더 나은 서비스를 제공하는 계기가 되고 있다는 걸 알 수 있어요. 정부 지원도 받고, 고객 만족도도 높이고, 일석이조인 셈이죠.배리어프리 키오스크, 이제는 선택이 아닌 필수배리어프리 키오스크 의무 설치는 단순한 법적 의무를 넘어서 우리 사회가 함께 성장하는 계기예요. 2025년부터 본격 시행되는 만큼, 사업장을 운영하시는 분들은 지금부터라도 준비하셔야 해요. 정부 지원 사업도 적극 활용하시고, 접근성 기준도 꼼꼼히 확인하세요. 모든 고객이 편하게 이용할 수 있는 키오스크, 그게 바로 여러분 사업장의 경쟁력이 될 거예요.","https://xn--910bs4koon3ga84e.com/Blog/107","",""
"자영업나라","가게 앞 불법주차 신고 방법 과태료 안내","가게를 운영하다 보면 누구나 한 번쯤 겪는골치 아픈 문제, 바로 가게 앞 주차 문제예요.내 가게 앞인데 마음대로 주차해도 되는 건지,또 신고는 어떻게 하는지 헷갈리시죠?오늘은 가게 앞 주차와 관련된 법적 기준부터신고 방법, 과태료까지 실생활에 꼭 필요한정보를 자세히 알려드릴게요.가게 앞 주차의 법적 기본 개념많은 분들이 착각하시는데, 가게 앞 도로는사실 사유지가 아니에요. 공공도로라서법적으로는 누구나 주차할 수 있는 공간이죠.내 가게 앞이라고 해서 특별한 권리가생기는 건 아니라는 얘기예요.그렇다고 마음대로 주차해도 된다는 건 아니에요.가게 앞이든 집 앞이든 주차금지 구역이면 당연히단속 대상이 되거든요. 더 중요한 건, 도로에라바콘이나 의자 같은 장애물을 놓는 것도불법이라는 거예요. 가끔 동네에서 보이는풍경이지만 엄연히 도로교통법 위반이랍니다.이 문제가 커뮤니티에서 자주 논쟁거리가 되는이유는, 상도덕과 법적 기준이 서로 다르기때문이에요. ""내 가게 앞인데 당연히 내가 써야지""라는 생각과 ""공공도로니까 누구나 쓸 수 있잖아""라는 생각이 부딪히는 거죠. 도로교통법상불법주차는 과태료는 물론이고 강제이동조치까지 당할 수 있으니,명확한 기준을 알아두는 게 중요해요.불법주차 판단 기준 및 주정차 금지 구역길을 다니다 보면 바닥에 그어진 선들이눈에 띄죠? 이게 생각보다 중요한 표시예요.노란 실선이 그어진 곳은 명백한주차금지구역이에요. 이 선만 봐도""여기는 안 되는구나"" 하고 바로 알 수 있죠.반대로 흰색 실선이 있는 곳은 일반적으로주정차가 가능해요. 하지만 여기서 함정이있어요. 흰색 실선이어도 별도로 주차금지표지판이 세워져 있으면 주차하면 안 돼요.표지판을 꼼꼼히 확인하는 습관이 필요한 이유죠.인도 위에 주차하는 건 더 말할 것도 없이불법이에요. 보행자가 다니는 길을 막는 건과태료와 견인 대상이 되죠. 교차로 모퉁이도마찬가지예요. 시야를 가려서 사고 위험이크기 때문에 절대 주차하면 안 되는 곳이에요. 구역 종류 표시 방법 주차 가능 여부 비고 주차금지구역 노란 실선 불가능 명백한 불법주차 일반 구역 흰색 실선 가능 표지판 확인 필수 인도(보도) 보도블럭 불가능 견인 대상 교차로 모퉁이 별도 표시 없음 불가능 시야 방해 위험 횡단보도 흰색 줄무늬 불가능 보행자 안전 횡단보도, 정지선, 버스정류장, 소방시설 앞도당연히 주정차 금지구역이에요. 특히 소방시설앞은 화재 시 인명 피해로 이어질 수 있어서더욱 엄격하게 단속하고 있어요.불법주차 과태료 규정 및 처벌 체계불법주차를 하면 돈을 내야 해요. 승용차나4톤 이하 화물차는 한 번 걸리면 4만 원,승합차나 4톤 초과 화물차는 5만 원이에요.생각보다 큰 금액이죠?더 황당한 건 같은 날 같은 장소에서 2시간넘게 계속 주차해 있으면 재단속을 당한다는거예요. 그러면 1만 원이 추가로 붙어요.""차 빼러 가기 귀찮아서"" 하고 방치하면 과태료가점점 늘어나는 거죠.장애인 전용 주차구역은 처벌이 훨씬 세요.기본이 10만 원이고, 주차를 방해하면최대 50만 원까지 나올 수 있어요.장애인분들의 이동권을 보장하기위한 강력한 조치예요.도로에 물건을 함부로 쌓아두는 것도 조심해야해요. 도로 점용 허가 없이 짐을 적치하면 무려 300만 원 이하의 과태료가 부과돼요. 가게 앞 주차 자리를 확보하려고 물건 놓아두는분들 많은데, 이것도 불법이에요.참고로 우리가 낸 주차위반 과태료는 주차장만들고 교통 환경 개선하는 데 쓰인다고 해요.그래도 안 내는 게 제일 좋겠죠?불법주차 신고 방법 및 신고 절차요즘은 스마트폰으로 간편하게 신고할 수있어요. 안전신문고나 서울 스마트 불편신고같은 앱을 깔아두면 돼요. 앱 사용법도어렵지 않아서 누구나 쉽게 신고할 수 있죠.신고할 때 중요한 게 사진이에요. 1분 간격으로2장을 찍어야 해요. 왜냐하면 ""잠깐정차한 건지, 주차한 건지""를 구분하기위해서예요. 1분 간격 사진으로 차가 그대로있다는 걸 증명하는 거죠.어떤 차량을 신고할 수 있냐고요?주정차 금지 구역에 있는 차는 다 신고대상이에요. 인도 위, 교차로, 버스정류장,소방시설 앞에 주차된 차량은 바로 신고가능해요. 신고하면 관할 구청이나 경찰에서확인 후 과태료를 부과하고,필요하면 견인까지 진행해요.좋은 소식은 모든 시민이 불법주차를 신고할권리가 있다는 거예요. 내 가게 앞이 아니어도,불법주차를 발견하면 누구나 신고할 수 있고법적으로도 보호받아요.가게 주인의 실질적 분쟁 해결 방법반복적으로 불법주차 때문에 피해를 보고있다면 증거를 모으세요. 문자 내역, 사진,동영상 녹화 등 뭐든 좋아요. 나중에 법적대응할 때 이게 결정적인 역할을 해요.안전신문고 앱은 정말 유용해요. 주차금지구역인 걸 확인한 다음, 앱으로 바로신고하면 돼요. 구청이나 경찰에서 확인하고조치를 취해줘요. 생각보다 효과적이에요.정말 심하게 영업 방해를 받고 있다면경찰 고소도 고려해 볼 만해요.단, 증거가 확실해야 해요. 고의성과 반복성,실제 피해를 입증할 수 있어야 업무방해죄로인정받을 수 있거든요.복잡하게 꼬인 분쟁이라면 혼자 해결하려고하지 마세요. 지역 자치센터나 법률 전문가에게상담받는 게 훨씬 현명해요.무료 법률 상담도 많으니까 적극 활용하세요.마무리하며가게 앞 주차 문제는 법과 상도덕이 만나는민감한 지점이에요. 내 가게 앞이라고 해서무조건 내 권리가 있는 건 아니지만,반복적으로 영업을 방해받는다면법적 대응도 가능해요. 주차금지 구역인지먼저 확인하고, 신고는 안전신문고 앱으로간편하게 하세요. 과태료와 견인 조치로이어질 수 있으니까요. 무엇보다 증거를확보해두는 게 중요하고, 복잡한 상황이면전문가 상담을 받는 게 현명한 방법이에요.","https://xn--910bs4koon3ga84e.com/Blog/97","",""
"자영업나라","스마트스토어 창업의 모든 것!","스마트스토어 창업을 고민하고 계신가요? 많은 분들이 온라인 판매의 매력에 빠져 스마트스토어를 시작하고 싶어 하지만, 처음 시작할 때는 무엇부터 해야 할 지 막막할 수 있습니다. 그래서 오늘은 스마트스토어 창업 입문 가이드를 통해 필요한 정보와 팁을 제공해 드리려고 해요.첫 번째로, 스마트스토어 창업을 위한 첫 단계는 시장 조사입니다. 어떤 제품을 판매할 것인지 결정하기 전에, 먼저 시장의 트렌드를 파악하고 경쟁 업체 분석을 하는 것이 중요합니다. 시장 조사는 단순히 상품의 가격이나 품질만을 비교하는 것이 아니라, 소비자 니즈를 이해하고, 해당 제품의 판매 가능성을 평가하는 데 큰 도움이 됩니다. 이를 통해 여러분의 스마트스토어에 맞는 차별화된 상품을 찾아낼 수 있을 것입니다.두 번째로, 플랫폼과 계정 개설입니다. 스마트스토어에 회원가입을 한 뒤, 판매자 계정을 생성해야 합니다. 이 과정에서 주의해야 할 점은, 여러분이 판매하고자 하는 상품이 스마트스토어의 정책에 부합하는지 확인하는 것입니다. 간혹 허용되지 않는 제품을 판매하려고 할 경우 계정이 정지될 수 있으니 반드시 이 점을 체크해 주세요.세 번째로는 상품 등록입니다. 상품을 등록할 때는 상세한 설명과 함께 고화질의 사진을 함께 첨부하는 것이 좋습니다. 소비자들은 시각적 정보를 중요시하기 때문에, 매력적인 상품 이미지는 판매에 큰 영향을 미칠 수 있습니다. 뿐만 아니라, 키워드를 적절히 사용하여 상품 타이틀과 설명에 포함시키는 것이 검색 결과에 더 잘 노출되도록 할 수 있습니다. 스마트스토어 창업 입문 가이드에서 중요한 팁은, 키워드 최적화를 통해 자신의 상품이 검색 결과에서 상위에 노출될 수 있도록 노력하는 것입니다.네 번째로, 마케팅 전략을 수립하는 것입니다. 판매자가 제품을 판매하는 데 있어 광고와 판촉이 매우 중요합니다. 할인 이벤트, 구매 시 추가 사은품, 리뷰 작성 이벤트 등을 활용하여 소비자들의 관심을 끌 수 있습니다. SNS와 같은 다양한 채널을 활용하여 스마트스토어의 상품을 알리는 것도 좋은 방법입니다. 이를 통해 초기 고객을 확보하고, 점차 매출을 증가시킬 수 있습니다.마지막으로, 고객 관리와 피드백을 소중히 여기는 것입니다. 고객의 구매 경험을 개선하고, 그들의 의견을 들어보는 것은 장기적인 성공을 가져오는 필수적인 요소입니다. 소비자들이 남긴 리뷰를 읽으며 어떤 점이 좋았고, 어떤 점이 부족했는지를 파악하여 서비스를 개선해 나가는 과정은 스마트스토어 창업 입문 가이드에서 중요한 사항 중 하나입니다.스마트스토어에 대한 전반적인 이해와 운영 전략을 다루어 보았습니다. 이 가이드가 여러분의 스마트스토어 창업 여정에 조금이라도 도움이 되었기를 바랍니다. 이제 여러분도 스마트스토어의 매력에 도전해 보세요!","https://xn--910bs4koon3ga84e.com/Blog/87","",""
"자영업나라","도소매업 창업 필수 지식, 초보 사장님이 꼭 알아야 할 것","✅ 도소매업 창업이란?도소매업 창업은 도매(대량 공급)와 소매(소비자 직접 판매)를 포괄하는 사업 형태입니다.최근에는 온라인 플랫폼을 활용해 오프라인 점포 없이도 시작할 수 있고, 유통 채널이 다양해져 초보 사장님들이 많이 도전하는 업종입니다. 하지만 기본 지식과 법적 요건을 모르면 초반부터 어려움을 겪을 수 있습니다.✅ 도소매업 창업 전 준비사항1) 사업자등록- 업종코드에서 도·소매업에 해당하는 코드를 선택해야 합니다.- 온라인 판매를 병행하려면 통신판매업 신고도 필수입니다.2) 아이템 선정- 소자본 창업일수록 경쟁력 있는 아이템이 핵심입니다.- 트렌드(예: 친환경 제품, 반려동물 용품, 건강식품) + 안정적 공급처 확보가 중요합니다.3) 자금 계획- 점포형은 임대료·인테리어·초기 재고가 핵심 비용입니다.- 무점포 온라인 도소매업은 재고 리스크·배송 체계 관리가 중요합니다.✅ 초보 사장님이 꼭 알아야 할 법적·행정 지식- 사업자등록증 발급: 세무서 또는 홈택스에서 가능- 부가세 신고: 일반과세자·간이과세자 선택, 도소매업은 매출 규모 따라 달라집니다.- 통신판매업 신고: 온라인 판매 시 관할 지자체에 신고해야 합법적 영업 가능- 세금계산서 발행: 거래처와 신뢰 형성 및 비용 처리 위해 필수- 상표권/저작권 확인: 유통 상품의 지식재산권 침해 여부 반드시 점검✅ 도소매업 운영 핵심 포인트1) 재고 관리– 창업자들이 가장 많이 실수하는 부분이 재고 과잉입니다.– 소량 다품종, 빠른 회전율 전략이 안전합니다.2) 거래처 신뢰 확보– 도매는 공급업체와의 관계가 중요합니다.– 계약 조건(납품 단가, 반품 조건, 결제일 등)을 꼼꼼히 확인하세요.3) 가격 경쟁력– 소비자는 온라인 가격 비교를 쉽게 합니다.– 단순히 최저가 경쟁보다는 브랜드 가치, 서비스 차별화를 통해 이익률을 지켜야 합니다.✅ 마케팅·판매 전략1) 온라인 채널 적극 활용- 스마트스토어, 쿠팡, 오픈마켓, 인스타그램·틱톡 쇼핑 등 다양한 판로 확보2) 업체관리- 도소매업 성공은 ‘재구매’가 좌우합니다. 3) B2B + B2C 병행- 거래처 납품(도매) + 소비자 직접 판매(소매) 두 가지를 병행하면 매출 안정성 ↑✅ 초보 사장님이 놓치면 안 되는 팁- 세무·회계 기본 지식: 매출 대비 순이익 관리, 원가율 계산- 인허가 확인: 식품·화장품·의약품 등은 별도 허가 필요- 폐업 리스크 대비: 권리금, 임대차 계약 조건, 철거 비용 고려- 지원금 활용: 중기부·소상공인진흥공단의 창업 지원금, 정책자금 적극 활용도소매업 창업은 자본 규모에 따라 무점포 온라인 소자본 창업부터 점포형 소매 창업까지 다양합니다.하지만 공통적으로 사업자등록, 통신판매업 신고, 세금·회계 관리, 재고 운영 같은 필수 지식을 숙지하지 않으면 초반부터 시행착오를 겪을 수 있습니다.초보 사장님이라면, 도소매업 창업 필수 지식을 꼼꼼히 준비해두는 것이 성공의 지름길입니다.","https://xn--910bs4koon3ga84e.com/Blog/64","",""
"자영업나라","스마트스트어 위탁판매 시작 초보자 가이드","온라인 쇼핑몰을 시작하고 싶은데 재고 부담이 걱정되시나요? 스마트스토어 위탁판매 시작은초보자도 쉽게 도전할 수 있는 방법이에요. 재고 없이, 적은 자본으로도 온라인 비즈니스의 문을 열 수 있는 방법을 알려드릴게요. 이 글에서 위탁판매의 기본부터 성공 노하우까지알아봐요!위탁판매가 뭔가요?위탁판매는 말 그대로 판매를 '위탁'하는 방식이에요. 여러분이 직접 상품을 갖고 있지 않아도 판매할 수 있어요. 고객이 주문하면공급업체가 직접 배송을 담당하죠. 스마트스토어 위탁판매 시작은 이런 구조로 이루어져요.예를 들어 보자면, 고객이 여러분의 스마트 스토어에서 화장품을 구매했다고 해요. 주문이 들어오면 여러분은 그 주문 정보를 공급업체에 전달하고, 공급업체가 직접고객에게 상품을 보내주는 거예요.여러분은 온라인 매장 관리와 마케팅에만 집중하면 되니까 훨씬 편하죠! 2025년 기준으로 네이버 스마트 스토어는 무료 플랫폼으로 운영되고 있어 사업자 등록만 하면 바로시작할 수 있어요.적합한 상품 선택 방법스마트스토어 위탁판매 시작에서 가장 중요한 것은 상품 선택이에요.어떤 상품을 판매할지가 성공의 열쇠랍니다!추천 상품으로는 계절별 트렌드 아이템이 좋아요. 여름에는 선크림이나 쿨링 제품, 겨울에는 핫팩이나 보온용품 같은 것들이요. 또 화장품, 식품, 가정용품 같은 소모품도꾸준한 수요가 있어요. 요즘은 SNS에서인기 있는 제품들도 좋은 선택이 될 수 있어요.반면에 피해야 할 상품도 있어요. 브랜드 제품은 정품 논란이 생길 수 있어 위험해요. 불량률이 높은 제품은 A/S 처리가 많아져 골치 아프고요. 해외 직구 제품처럼 배송이 오래 걸리는 상품도 고객 불만이 생길 수 있으니 주의하세요!초보자라면 먼저 한두 가지 카테고리에 집중해서 시작하는 게 좋아요. 너무 다양한 상품을 한꺼번에판매하려고 하면 관리가 어려워질 수 있거든요.공급업체는 어디서 찾나요?좋은 공급업체를 찾는 것은 스마트스토어 위탁판매시작의 핵심이에요. 국내와 해외 모두 다양한옵션이 있답니다.국내 공급처로는 '도매 꾹'이 가장 유명해요. 의류, 식품, 생활용품 등 거의 모든 카테고리의제품을 도매가로 제공하죠. '도매매'는 소량 주문도가능해서 초보자에게 부담이 적어요. 더 직접적인 방법으로는 제품 브랜드의 제조사에직접 연락해서 위탁 판매 계약을맺는 방법도 있어요.해외 공급처로는 중국의 '알리익스프레스'가널리 알려져 있어요. 다양한 제품을 저렴하게구할 수 있죠. '1688'은 중국 현지 도매 사이트로가격 경쟁력이 뛰어나지만, 중국어를 모르면 이용하기 어려울 수 있어요.공급업체 선택 시에는 반드시 샘플을 받아보고 품질을 확인하세요. 또한 계약 조건(반품 규정, 배송 일정 등)을 명확히 해두는 것이중요해요. 처음부터 여러 공급업체와 일하기보다는신뢰할 수 있는 한두 곳과 관계를 쌓아가는것이 좋아요.스마트스토어 개설 절차이제 실제로 스마트스토어 위탁판매 시작을 위한 절차를 알아볼게요. 생각보다 간단하답니다!STEP 1: 네이버 가입부터 시작해요. 네이버 아이디로 스마트 스토어 센터(sell.smartstore.naver.com)에 접속한 다음, '신규 매장 생성' 버튼을 클릭하세요. 간단한 정보만 입력하면 기본 매장이 생성돼요.STEP 2: 사업자 등록이 필수예요. 개인사업자나 법인사업자 등록을 해야 해요. 사업자 등록은 관할 세무서에 방문하거나 온라인으로도 가능해요. 스마트 스토어는 사업자 등록 없이도 개설은 가능하지만, 판매를 시작하려면 반드시 필요해요.STEP 3: 매장 기본 설정을 해야 해요. 매장 이름을 정하고, 판매할 카테고리를 선택해요. 그리고 배송 정책(배송비, 배송 방법 등)도설정해 주세요. 결제 계좌 정보도 입력해야 하니 준비해두세요.매장 개설 후에는 판매자 신원 확인을 위한 본인 인증 절차가 있어요. 이 모든 과정은 보통 하루 이내에 완료할 수 있어요.상품 등록 및 상세페이지 제작상품 등록은 스마트스토어 위탁판매 시작에서 가장 중요한 부분이에요. 어떻게 하면 잘 팔리는상세페이지를 만들 수 있을까요?필수 요소부터 알아볼게요. 먼저 SEO 최적화된제목이 필요해요. 사람들이 많이 검색하는키워드를 포함시켜 노출을 높이세요. 고퀄리티 이미지는 필수예요. 제품의 실제 색상과 디자인을 정확히보여주는 사진을 사용하세요. 구매 유도 문구도 중요해요. ""신속한 배송"", ""고객 만족도 100%"" 같은 문구로 신뢰를 높이세요.주의 사항도 있어요. 공급업체가 제공하는상세페이지를 그대로 사용하면 다른 판매자와차별점이 없어요. 가능하면 직접 촬영한 사진이나독창적인 설명을 추가해서 차별화하세요. 과장된 표현은 반품과 클레임의 원인이될 수 있으니 주의하세요.나만의 스마트스토어 위탁판매 성공하기위탁판매로 스마트 스토어를 시작하는 것은 온라인 비즈니스의 첫걸음이 될 수 있어요.초기 자본 부담 없이 시작할 수 있고, 재고 관리의 스트레스도 줄일 수 있죠. 하지만 성공하려면 차별화된 마케팅과 고객 서비스가 필수예요.처음부터 완벽하게 할 필요는 없어요. 작게 시작해서 경험을 쌓아가며 조금씩성장해 보세요. 스마트 스토어 위탁판매 시작은 어렵지 않아요. 지금 바로 도전해 보세요!","https://xn--910bs4koon3ga84e.com/Blog/33","",""
"자영업나라","사업자등록증 업종 코드 조회 위한 필수 체크리스트","사업을 운영하다 보면 사업자등록증 업종 조회가 필요한 순간이 반드시 옵니다. 세금 신고부터 각종 지원금 신청까지, 업종 코드 하나로 모든 혜택이 결정되기도 하죠. 특히 2024년부터는 업종별 세제 혜택이 더 세분화되어 정확한 코드 확인이 어느 때보다 중요해졌어요. 지금부터 사업자등록증 업종 코드 조회를 위한 필수 정보를 알려드릴게요.사업자등록증 업종 코드가 왜 필요할까요?사업자등록증의 업종 코드는 생각보다 훨씬 중요한 역할을 해요. 단순히 어떤 사업을 하는지 분류하는 것 이상의 의미가 있거든요. 세금 계산할 때나 정부 지원금 신청할 때, 심지어 계약서 작성할 때도 이 코드가 필수적으로 필요해요.예를 들어 단순경비율을 적용받을 때나 각종 증빙서류를 제출할 때도 이 코드를 기준으로 과세 여부가 결정돼요. 2024년 기준으로 국세청은 무려 1,200여 개의 업종 코드를 분류하고 있으며, 주업종과 부스 업종을 구분해서 관리하고 있답니다.코드를 정확히 확인하지 않으면 큰 문제가 생길 수 있어요. 잘못된 세금 신고로 인한 과태료는 최대 500만 원까지 부과될 수 있으니 반드시 정확한 확인이 필요해요.주업종 코드 vs 주업종 코드 차이는 뭘까요?화면에 접속했다면 업종 코드를 확인할 수 있는데, 주황색 별표(*)로 표시된 숫자가 바로 주업종 코드예요. 예를 들면 56111처럼 보통 5자리 숫자로 되어 있어요. 반면 회색 글씨로 표시된 코드는 주업종 코드를 의미해요.국세청 규정에 따르면 매출액의 50% 이상이 발생하는 사업이 주업종으로 분류돼요. 이 업종 정보는 적어도 1년에 한 번은 갱신해 줘야 한다는 점 잊지 마세요.특별히 주의해야 할 사례가 있어요. 음식점을 운영하면서 배달 앱에 가입했다면, 반드시 부가 통신판매(64991) 업종을 추가해야 해요. 이걸 누락하면 세액공제 혜택을 받지 못하는 경우가 많답니다.종이 문서 없이 모바일로 확인하려면?스마트폰으로도 간편하게 사업자등록증 업종 조회가 가능해요. 먼저 스마트폰에 '국세청 앱'을 설치하고, 간편 로그인을 선택하세요. 그런 다음 QR코드를 생성한 후 PC 화면을 스캔하면 끝이에요.앱 내에서 [민원 안내→사용 중인 증명서] 메뉴를 통해 실시간으로 업종변경 이력을 확인할 수 있어요. 필요하다면 PDF 파일로 다운로드해서 보관할 수도 있어요. 단, 저장 기간은 최대 30일이니 참고하세요.요즘에는 공동 인증서가 아니더라도 삼성 패스나 카카오페이 인증서로도 접근이 가능해졌어요. 굳이 복잡한 인증 절차 없이도 빠르게 정보를 확인할 수 있으니 편리해졌죠.다른 사람 명의라면 어떻게 조회하나요?타인의 사업자등록증 업종 코드를 조회하려면 몇 가지 필수 절차가 있어요. 개인정보 보호법 제34조에 따라 반드시 위임장과 인감도장 날인이 필요해요.법인의 경우에는 더 까다로워요. 대표이사의 공동 인증서와 회사직인이 모두 있어야 하며, 온라인으로는 불가능해요. 반드시 관할 세무서를 직접 방문해서 신청해야 한다는 점 기억하세요. 이는 전자정부법 시행령 제41조에 근거한 규정이에요.이런 규정을 어기면 3천만 원 이하의 벌금형에 처해질 수 있어요. 개인정보 보호와 관련된 부분이라 법적으로 엄격하게 관리되고 있으니 반드시 정해진 절차를 따라야 해요.변경된 내용은 언제 적용되나요?사업자등록증 업종 조회 후 정보를 변경했다면, 반영 시간에 대해 궁금하실 거예요. 온라인으로 변경한 내용은 보통 즉시 반영되지만, 종이 증명서로 발급받으려면 최대 영업일 기준 하루가 소요돼요. 이는 전자 문서 기본법 제24조에 근거한 사항이에요.특히 분기별 마감일인 1월 15일, 4월 15일, 7월 15일, 10월 15일 직전에는 변경 작업이 지연될 수 있어요. 시스템 과부하 때문인데, 가급적 마감 일주일 전까지 모든 변경 작업을 완료하는 것이 좋아요.변경 내역을 확인하고 싶다면 MY NTS → [민원처리결과 조회] 메뉴에서 PDF 파일 형태로 다운로드해 보관하세요. 나중에 세금 신고할 때 증빙 자료로 필요할 수 있으니 잘 보관해 두는 게 좋아요.사업자등록증 업종 코드 정확히 알고 관리하기사업자등록증 업종 조회는 생각보다 복잡할 수 있지만, 이 글에서 안내한 체크리스트만 따라가면 어렵지 않아요. 특히 세금 신고나 지원금 신청 전에는 반드시 업종 코드를 확인해서 불이익을 받지 않도록 주의하세요. 업종 코드 하나로 받을 수 있는 혜택이 달라질 수 있으니, 정기적으로 확인하고 필요시 즉시 변경하는 습관을 들이면 좋겠죠?","https://xn--910bs4koon3ga84e.com/Blog/28","",""
"자영업나라","자영업나라","✅소자본 창업 아이템 성공 비결 TOP 7✅ 창업을 꿈꾸지만 초기 자본이 부족해 망설이고 계신가요 소자본 창업도 전략만 제대로 세우면 충분히 성공할 수 있어요. 오늘은 실제 성공 사례를 바탕으로 소자본 창업 아이템으로 시작해 큰 수익을 올리는 7가지 핵심 비결을 알려드릴게요. 적은 자본으로도 시작할 수 있는 창업의 세계로 함께 떠나볼까요 ⭐ 소자본 창업 성공의 첫걸음, 공간 활용 전략 소자본 창업에서 가장 먼저 고려해야 할 것은 바로 '공간'이에요. 적절한 공간 선택은 수익성과 직결되는 핵심 요소인데요, 허름한 건물 2층을 리모델링해 오픈했는데, 저렴한 임대료 덕분에 초기 투자 부담을 크게 줄였답니다. 특히 주목할 점은 공간 규모와 수익의 관계예요. 소자본 창업 아이템을 선택할 때는 이처럼 공간 효율성에 집중하는 것이 현명해요. ⭐ 무인 운영 시스템으로 인건비 절감 인건비는 창업자들이 가장 부담스러워하는 고정 지출 중 하나예요. 무인 점포는 이런 부담을 확 줄여주는 소자본 창업 아이템으로 각광받고 있어요. 코인 노래방, 무인 펫샵, 무인 카페 등이 대표적인 예죠. 무인 카페의 경우, 커피 머신과 간단한 결제 시스템만 갖추면 24시간 운영이 가능해요. 특히 심야 시간대에도 수익이 발생하니 일석이조죠! 무인 시스템을 활용하면 인력 관리 부담 없이 자동 수익 구조를 구축할 수 있어 소자본 창업에 딱 맞는 모델이에요. ⭐ 온라인 플랫폼을 활용한 마케팅 디지털 시대에 온라인 플랫폼은 소자본 창업자의 든든한 아군이에요. SNS, 유튜브, 팟캐스트 등을 활용하면 초기 마케팅 비용을 크게 절감할 수 있거든요. 예를 들어, 요리 동영상이나 홈트레이닝 콘텐츠를 제작해 구독자 기반을 확보하면 월간 수익 모델을 적용할 수 있어요. 처음에는 콘텐츠 제작에 시간이 들지만, 일단 팬층이 형성되면 자연스럽게 수익이 발생하죠. 또한 네이버 스마트스토어 같은 온라인 마켓플레이스를 활용하면 별도의 매장 없이도 제품을 판매할 수 있어요. 이는 소자본 창업 아이템으로 시작하기 좋은 방법이랍니다. 특히 인스타그램 쇼핑이나 라이브 커머스는 요즘 뜨는 트렌드니까, 이를 활용한 마케팅 전략을 세워보는 것도 좋은 방법이에요. ⭐ 초기 투자비 최소화 전략 소자본 창업의 핵심은 초기 투자비를 최대한 줄이는 것이죠. 드랍쉬핑과 주문형 인쇄 상품은 재고 비용을 제로로 만드는 혁신적인 모델이에요. 드랍쉬핑은 여러분이 상품을 직접 보유하지 않고, 고객 주문이 들어오면 공급자에게 직접 배송을 의뢰하는 방식이에요. 덕분에 초기 재고 비용이 전혀 발생하지 않죠. 가장 중요한 건 온라인 쇼핑몰 구축인데, 요즘은 카페24나 쇼피파이 같은 플랫폼을 이용하면 쉽게 만들 수 있어요. 소자본 창업 아이템 중에서도 진입 장벽이 낮은 편이라 초보자에게 추천해요. ⭐ 프랜차이즈 모델로 빠른 확장 프랜차이즈는 이미 검증된 비즈니스 모델을 활용할 수 있어 소자본 창업 아이템으로 인기가 높아요. 표준화된 운영 매뉴얼을 통해 신속한 지점 확장이 가능하죠. 프랜차이즈의 장점은 본사의 지원 시스템이 든든하게 뒷받침된다는 점이에요. 마케팅 전략부터 인테리어, 직원 교육까지 체계적인 지원을 받을 수 있죠. 물론 가맹비와 로열티가 발생하지만, 실패 위험을 크게 줄일 수 있다는 점에서 소자본으로 안정적인 창업을 원하는 분들에게 적합한 선택이 될 수 있어요. ⭐ 트렌드 선점으로 시장 선점 성공적인 소자본 창업의 비결 중 하나는 트렌드를 미리 읽고 선점하는 것이에요. 코로나19 이후 원격 근무와 학습 수요 증가를 예측한 창업자들은 스터디카페나 온라인 교육 플랫폼으로 큰 성공을 거뒀어요. 요즘은 친환경 제품, 건강 관련 서비스, 홈 인테리어 등이 뜨는 분야예요. 이런 트렌드를 소자본 창업 아이템과 연결시킨다면 성공 가능성이 더욱 높아질 거예요. 또한 MZ세대를 겨냥한 소셜미디어 마케팅이나 가치 소비에 초점을 맞춘 비즈니스 모델도 좋은 선택이 될 수 있어요. ⭐ 고객 만족도 향상으로 수익성 증대 아무리 작은 창업이라도 고객 만족은 절대 타협할 수 없는 가치예요. 고객 경험 개선은 재방문율과 수익 증가로 이어지기 때문이죠. 소자본 창업 아이템으로 시작했더라도 고객 피드백을 꾸준히 수집하고 반영하는 과정이 중요해요. 작은 개선점들이 모여 장기적인 수익성을 보장하니까요. 특히 요즘은 고객이 SNS에 경험을 공유하는 경우가 많아서, 한 명의 만족한 고객이 여러 명의 신규 고객으로 이어질 수 있어요. 긍정적인 입소문은 소자본 창업자에게 가장 강력한 마케팅 도구랍니다. ⭐ 소자본으로 시작하는 창업의 지혜 지금까지 소자본 창업 아이템으로 성공하기 위한 7가지 핵심 전략을 살펴봤어요. 적은 자본으로 시작하더라도 공간 활용, 무인 시스템, 온라인 마케팅, 초기 투자 최소화, 프랜차이즈 활용, 트렌드 선점, 고객 만족도 향상 전략을 통해 안정적인 수익을 창출할 수 있어요. 여러분만의 창업 아이템을 찾아 이러한 전략들을 적용해보세요. 작은 시작이 큰 성공으로 이어질 수 있답니다!","https://xn--910bs4koon3ga84e.com/Blog/11","",""
"자영업나라","도소매업 업종코드 완벽 가이드","⭐ 도소매업 업종코드 완벽 가이드 사업자등록을 앞두고 계신가요? 도소매업을 시작하려는 분들이 가장 헷갈리는 부분이 바로 업종코드 선택입니다. 잘못된 코드 선택은 나중에 세금 문제로 이어질 수 있어요. 이 글에서는 도소매업 업종코드의 모든 것을 알기 쉽게 정리했습니다. 함께 알아볼까요? ⭐ 도소매업이 뭔가요? 도소매업은 제조사에서 만든 제품을 소비자에게 직접 판매하거나 중간 유통 단계에서 거래하는 사업을 말해요. 쉽게 말해 물건을 사고파는 모든 비즈니스죠. 이 업종은 크게 두 가지로 나뉘어요. 도매는 대량으로 제품을 구매해 소매점이나 다른 유통업체에 공급하는 방식이에요. 예를 들어 동대문 의류 도매시장에서 여러 벌의 옷을 사서 개인 부티크에 납품하는 경우가 여기에 해당해요. 소매는 우리가 흔히 아는 방식으로, 최종 소비자에게 직접 판매하는 거예요. 네이버 스마트스토어나 동네 옷가게처럼요. 특히 요즘은 온라인 판매가 급증하면서 도소매업의 형태도 다양해지고 있어요. 2023년 기준 우리나라 도소매업 시장 규모가 무려 1,200조 원이라니 어마어마하죠? ⭐ 업종코드가 왜 중요한가요? 업종코드는 사업자등록 시 반드시 선택해야 하는 코드로, 세금 신고나 통계 작성에 직접적인 영향을 미쳐요. 이건 그냥 대충 골라도 되는 게 아니랍니다! 한국표준산업분류표(KSIC)에 따라 6자리 숫자로 분류되는데, 예를 들어 525101은 전자상거래 소매업을 의미해요. 이 코드 하나만 봐도 ""아, 이 사업자는 온라인으로 물건을 판매하는구나""라고 알 수 있죠. 업종코드를 잘못 선택하면 받을 수 있는 세금 혜택을 놓치거나, 심각한 경우 법적 문제가 생길 수도 있어요. 그러니 내 판매 방식과 제품 유형에 맞는 코드를 정확히 파악하는 게 정말 중요해요. ⭐ 도소매업 업종코드 종류525101:통신판매업 전자상거래 소매업 (오픈마켓, 스마트스토어)525102:통신판매업 기타 통신판매업(TV 홈쇼핑, 전화 판매)525103:통신판매업 전자상거래 소매 중개업(소셜커머스 플랫폼)525104:통신판매업 SNS마켓(블로그, 인스타그램 판매)525105:통신판매업 해외 직구 대행업(해외 제품 구매 대행)747999:도매 및 소매업 기타 도매업(식품, 의류 도매) 업종코드를 보면 525로 시작하는 코드는 주로 온라인 판매와 관련된 코드라는 걸 알 수 있어요. 특히 요즘 많이 사용하는 오픈마켓이나 스마트스토어는 525101 코드를 사용하고, 인스타그램이나 블로그에서 판매하는 경우는 525104 코드를 사용해야 해요. ⭐ 온라인 vs 오프라인 판매 차이 도소매업 업종코드를 선택할 때 가장 먼저 고려해야 할 건 판매 채널이에요. 온라인과 오프라인은 완전히 다른 코드를 사용한답니다. 온라인 판매는 5251xx 계열의 코드를 사용해요. 쿠팡이나 11번가 같은 오픈마켓에서 의류를 판매한다면 525101 코드를 선택해야 해요. 반면, TV 홈쇼핑을 통해 판매한다면 525102 코드가 적합하죠. 오프라인 판매는 주로 747999 같은 코드를 적용해요. 예를 들어 동네에 실제 매장을 열어 옷을 판매한다면 이 코드를 사용해야 해요. 최근 트렌드를 보면 2024년 기준 온라인 소매업 등록 비중이 70% 이상으로 급증했어요. 특히 인스타그램이나 블로그를 통한 판매가 늘면서 SNS마켓(525104)과 해외 직구 대행업(525105) 코드가 새롭게 추가됐다는 점도 눈여겨볼 만해요. ⭐ 업태와 종목을 어떻게 구분하나요? 사업자등록 시 업종코드와 함께 헷갈리는 것이 바로 '업태'와 '종목'이에요. 이 둘은 어떻게 다를까요? 업태는 사업의 큰 분류예요. 쉽게 말해 ""난 무슨 일을 하는 사람이야?""라고 물었을 때 ""도소매업이요"" 또는 ""서비스업이요""라고 대답하는 부분이죠. 종목은 더 세부적인 분류로, ""구체적으로 뭘 팔아?""라고 물었을 때 ""의류 소매업이요"" 또는 ""식품 도매업이요""라고 답하는 부분이에요. 예를 들어, 온라인에서 옷을 판매한다면 업태는 ""도소매업"", 종목은 ""의류 소매업""으로 등록하는 게 일반적이에요. 업종코드는 이 업태와 종목을 조합해 결정되는데, 2023년 2월 기준으로 525101 코드가 가장 많이 사용되는 온라인 소매업 코드랍니다. ⭐ 업종코드 선택 실수 사례 도소매업 업종코드를 선택할 때 자주 발생하는 실수 사례를 알아보면 내 실수를 미리 예방할 수 있어요. 가장 흔한 실수는 오픈마켓 판매 시 747999 코드를 선택하는 경우예요. 이건 오프라인 도매업 코드인데, 온라인 판매에 사용하면 세금 계산이 복잡해질 수 있어요. 네이버 스마트스토어나 쿠팡에서 판매한다면 525101 코드가 맞아요. 또 다른 실수는 SNS 판매 시 525101 코드를 사용하는 거예요. 인스타그램이나 블로그에서 판매한다면 525104 코드가 정확해요. 525101은 오픈마켓 전용이니 헷갈리지 마세요. 마지막으로 도매업과 소매업을 동시에 운영할 때 코드를 하나만 등록하는 실수가 있어요. 도매와 소매를 모두 한다면 도매업은 747999, 소매업은 525101 코드를 별도로 등록해야 한답니다. ⭐ 업종코드 변경 방법 사업 방향이 바뀌거나 처음에 잘못 선택했다면, 업종코드는 나중에도 변경할 수 있어요. 방법은 생각보다 간단해요. 기존 코드를 변경하려면 국세청 홈택스에서 ""사업자등록증 정보변경"" 메뉴를 선택하면 돼요. 예를 들어, 처음에는 온라인 소매업(525101)으로 시작했는데 도매업도 함께 하게 됐다면, 747999 코드를 추가로 등록할 수 있어요. 다만, 업종코드 변경은 소득세 신고서와 부가세 신고서에 반영된다는 점을 꼭 기억하세요. 갑자기 업종이 바뀌면 세무서에서 의심할 수 있으니, 실제 사업 내용과 일치하게 변경하는 게 중요해요. ⭐도소매업 업종코드, 이것만 기억하세요! ⭐ 도소매업 업종코드는 사업의 성격을 정확히 반영해야 해요. 온라인과 오프라인, 도매와 소매에 따라 다른 코드를 사용한다는 점을 꼭 기억하세요. 특히 525101은 온라인 오픈마켓, 525104는 SNS 판매처럼 판매 채널에 따라 세분화된 코드를 선택해야 세금 문제 없이 사업을 운영할 수 있어요. 무엇보다 사업 초기에 정확한 업종코드를 선택하는 것이 나중에 발생할 수 있는 여러 문제를 예방하는 지름길이니, 이 가이드를 참고해 현명한 선택을 하시길 바랄게요!","https://xn--910bs4koon3ga84e.com/Blog/5","",""
"자영업나라","창업 나이, 늦었다고 느낄 필요 없는 이유","""창업은 젊을 때 해야 한다""는 말,많이 들어보셨죠?하지만 실제 데이터를 보면 완전히다른 이야기가 펼쳐져요.한국에서 창업에 가장 성공적인 나이대는오히려 30~50대랍니다.이 글에서는 늦은 나이의 창업이 왜 더 유리한지,실제 통계와 성공 패턴을 통해 알려드릴게요.창업 나이에 대한 통념 깨기주변에서 ""지금 나이에 창업은 너무 늦었어""라는말 들어본 적 있으신가요? 사실 이건 완전한오해예요. 한국의 실제 창업 통계를 보면30~50대가 전체 창업의 71.4%를 차지하고 있거든요.젊은 나이의 열정도 중요하지만, 창업 성공의진짜 핵심은 따로 있어요. 바로 오랜 시간쌓아온 경험, 충분한 자본력, 그리고 실무에서다져진 업무 역량이죠. 실제로 늦은 나이에창업한 사람들의 성공률이 더 높다는연구 결과도 많아요.나이가 많다는 건 단점이 아니라 오히려강점이에요. 시행착오를 줄일 수 있는 경험치,안정적인 자금 운용 능력, 그리고 사업파트너들과의 신뢰 관계까지 갖추고 있으니까요.한국의 실제 창업자 연령 분포2025년 8월 기준으로 가장 많이 창업하는연령대가 어디인지 아세요?놀랍게도 40~49세가 22,586개로전체의 25.2%를 차지하며 1위를 기록했어요.그 뒤를 30~39세(24.6%)와50~59세(21.6%)가 바짝 따라가고 있죠.더 재미있는 건 60세 이상 고령층창업이 13,685개(15.3%)로,30세 미만 청년층 창업 11,057개(12.3%)보다많다는 거예요.""창업은 젊은이들의 전유물""이라는 생각이얼마나 잘못된 건지 확실히 보여주는 수치죠.1인 창조기업의 평균 연령은 무려 54.7세예요.게다가 이들의 평균 업력은 12.6년이나 돼요.2011년 이전부터 사업을 시작해서 지금까지꾸준히 운영하고 있다는 뜻이죠.이게 바로 중장년층 창업의 저력이에요. 연령대 창업 건수 비중 30세 미만 11,057개 12.3% 30~39세 22,050개 24.6% 40~49세 22,586개 25.2% 50~59세 19,350개 21.6% 60세 이상 3,685개 15.3% 중장년 창업의 성공 요소중장년층이 창업하는 이유를 보면 더현실적이에요. 더 높은 소득을 위해서가37.8%로 가장 많고, 자신의 적성을 발휘하기위해서가 28.1%, 생계유지가 14.6%를차지해요. 막연한 꿈이 아니라 구체적인 목표가있다는 거죠.준비 기간도 평균 11.7개월로 충분해요.시장 조사, 사업 계획 수립, 자금 확보까지체계적으로 준비하니까 실패 확률이낮아지는 거예요. 그리고 창업 후 평균 2.7개월내에 첫 매출이 발생하고, 손익분기점은평균 28.6개월에 도달해요.가장 주목할 점은 63.4%가 전직 업종과연관된 분야에서 창업한다는 거예요.이미 아는 시장에서 시작하니까 시행착오를크게 줄일 수 있죠. 1인 창조기업 기준으로평균 매출이 2억 3,600만 원이니,충분히 안정적인 수입을 올릴 수 있어요.중장년 창업자의 특성과 성공 패턴중소기업 경력자들이 창업에서 강세를 보여요.전체의 63.4%가 중소기업 출신이거든요.대기업보다 중소기업에서 다양한 업무를경험하고, 전체 프로세스를 파악할기회가 많았기 때문이에요.장기 지속형 사업이라는 특징도 눈에 띄어요.평균 12.6년 이상 같은 형태의 사업을유지한다는 건 그만큼 안정적이라는 증거죠.1인 창조기업 중 남성이 72.6%,여성이 27.4%인데, 여성들은 경력 단절을극복하고 새로운 시작을 하는 경우가 많아요.평균 당기순이익이 3,480만 원이에요. 수익성 있는 사업 운영이 충분히 가능하다는 뜻이죠. 게다가 전체 창업의 91.1%가개인 창업이라서 진입장벽도 낮은 편이에요.늦은 나이 창업을 위한 실행 전략가장 먼저 해야 할 건 자신의 전문성을 파악하는 거예요. 직장에서 쌓은 경험과 지식을 최대한 활용할 수 있는 업종을 선택하세요. 완전히 새로운 분야보다는 익숙한 영역에서 시작하는 게 훨씬 유리해요.준비는 착실하게 하세요. 시장 조사, 자금 확보, 법인등록까지 단계적으로 진행하면서 충분한시간을 갖는 게 중요해요. 평균 11.7개월의 준비기간이 괜히 있는 게 아니거든요.직장 생활에서 쌓은 인맥은 정말 큰 자산이에요.초기 고객 확보에 이 네트워크를 적극 활용하세요. 신뢰 관계가 이미 형성되어 있으니 사업 초기의 불안정한 시기를 훨씬 수월하게 넘길 수 있어요.리스크 관리도 잊지 마세요. 기존에 모아둔 자본이 있다면 신중한 재무 계획으로 안정성을 높이세요. 한국 창업시장의 주류인 서비스업이나기술·경험 기반 사업을 선택하는 것도 좋은 전략이에요.늦은 창업 시 주의사항과 체크리스트아무리 경험이 많아도 시장은 계속 변하고 있어요. 디지털 트렌드와 새로운 소비 패턴을 꾸준히 학습하는 자세가 필요해요. 젊은 세대의 니즈를 이해하려는 노력도 중요하죠.손익분기점 도달까지 평균 28.6개월이 걸린다는 걸 꼭 기억하세요. 최소 2년 이상의 운영 자금을확보해두는 게 안전해요. 초기에 과도한 투자를하기보다는 점진적으로 확장하는 전략이 더 현명해요.개인 창업이 91.1%를 차지한다는 통계를보면 알 수 있듯이, 처음부터 큰 규모로 시작할 필요는 없어요. 작게 시작해서 안정적으로키워나가는 게 중장년 창업의 핵심이에요.창업에 따른 스트레스와 실패 가능성도 미리 인식하고 대비하세요. 심리적 준비가 되어 있으면 어려운 순간에도 현명하게 대처할 수 있어요. 중소벤처기업부 같은 곳에서 제공하는 중장년 창업 지원 프로그램도 적극 활용하세요.창업 나이, 이제는 강점으로 보세요30~50대는 충분한 직장 경험과 자본을 동시에갖춘 창업의 황금기예요. 1인 창조기업의평균 연령이 54.7세라는 사실, 고령 창업 비중이청년 창업보다 높다는 통계가 이를 증명하고 있죠.결국 창업 성공을 결정하는 건 나이가 아니에요. 얼마나 준비했는지, 업무 경험이 충분한지, 시장을 얼마나 이해하고 있는지가 훨씬중요해요. 한국의 창업 생태계는 서비스업중심으로 진입장벽이 낮아서 중장년층에게유리한 환경이에요.지금 창업을 고민하고 있다면, 나이 때문에망설이지 마세요. 당신이 가진 경험과 전문성,그리고 안정적인 자본력은 젊은 창업자들이부러워하는 최고의 무기니까요. 지금이 바로 시작할 최적의 타이밍이에요.","https://xn--910bs4koon3ga84e.com/Blog/99","",""
